2026-03-11 12:15:42,779 - INFO - Connected to database at data/listings.db
2026-03-11 12:16:42,849 - INFO - Connected to database at data/listings.db
2026-03-11 12:16:42,849 - INFO - Session created with custom headers.
2026-03-11 12:16:44,381 - INFO - last_page: 7308
2026-03-11 12:16:44,381 - ERROR - No checkpoint file found. Starting from the first page.
2026-03-11 12:16:45,032 - INFO - Successfully fetched URL: https://www.property24.co.ke/property-to-rent-in-nairobi-c1890?Page=1 on attempt 1
2026-03-11 12:16:45,247 - INFO - Page 1: Parsed 21 listings, Inserted 21 new listings.
2026-03-11 12:16:47,116 - INFO - Successfully fetched URL: https://www.property24.co.ke/property-to-rent-in-nairobi-c1890?Page=2 on attempt 1
2026-03-11 12:16:47,296 - INFO - Page 2: Parsed 21 listings, Inserted 21 new listings.
2026-03-11 12:16:48,500 - INFO - Successfully fetched URL: https://www.property24.co.ke/property-to-rent-in-nairobi-c1890?Page=3 on attempt 1
2026-03-11 12:16:48,681 - INFO - Page 3: Parsed 21 listings, Inserted 21 new listings.
2026-03-11 12:16:49,870 - INFO - Successfully fetched URL: https://www.property24.co.ke/property-to-rent-in-nairobi-c1890?Page=4 on attempt 1
2026-03-11 12:16:50,047 - INFO - Page 4: Parsed 21 listings, Inserted 21 new listings.
2026-03-11 12:16:50,393 - INFO - Successfully fetched URL: https://www.property24.co.ke/property-to-rent-in-nairobi-c1890?Page=5 on attempt 1
2026-03-11 12:16:50,593 - INFO - Page 5: Parsed 21 listings, Inserted 21 new listings.
2026-03-11 12:16:51,697 - INFO - Successfully fetched URL: https://www.property24.co.ke/property-to-rent-in-nairobi-c1890?Page=6 on attempt 1
2026-03-11 12:16:51,889 - INFO - Page 6: Parsed 21 listings, Inserted 21 new listings.
2026-03-11 12:16:52,928 - INFO - Successfully fetched URL: https://www.property24.co.ke/property-to-rent-in-nairobi-c1890?Page=7 on attempt 1
2026-03-11 12:16:53,104 - INFO - Page 7: Parsed 21 listings, Inserted 21 new listings.
2026-03-11 12:16:53,397 - INFO - Successfully fetched URL: https://www.property24.co.ke/property-to-rent-in-nairobi-c1890?Page=8 on attempt 1
2026-03-11 12:16:53,574 - INFO - Page 8: Parsed 21 listings, Inserted 21 new listings.
2026-03-11 12:16:55,688 - INFO - Successfully fetched URL: https://www.property24.co.ke/property-to-rent-in-nairobi-c1890?Page=9 on attempt 1
2026-03-11 12:16:55,856 - INFO - Page 9: Parsed 21 listings, Inserted 21 new listings.
2026-03-11 12:16:57,459 - INFO - Successfully fetched URL: https://www.property24.co.ke/property-to-rent-in-nairobi-c1890?Page=10 on attempt 1
2026-03-11 12:16:57,641 - INFO - Page 10: Parsed 21 listings, Inserted 21 new listings.
2026-03-11 12:16:59,436 - INFO - Successfully fetched URL: https://www.property24.co.ke/property-to-rent-in-nairobi-c1890?Page=11 on attempt 1
2026-03-11 12:16:59,611 - INFO - Page 11: Parsed 21 listings, Inserted 21 new listings.
2026-03-11 12:17:01,242 - INFO - Successfully fetched URL: https://www.property24.co.ke/property-to-rent-in-nairobi-c1890?Page=12 on attempt 1
2026-03-11 12:17:01,439 - INFO - Page 12: Parsed 21 listings, Inserted 21 new listings.
2026-03-11 12:17:01,739 - INFO - Successfully fetched URL: https://www.property24.co.ke/property-to-rent-in-nairobi-c1890?Page=13 on attempt 1
2026-03-11 12:17:01,950 - INFO - Page 13: Parsed 21 listings, Inserted 21 new listings.
2026-03-11 12:17:03,314 - INFO - Successfully fetched URL: https://www.property24.co.ke/property-to-rent-in-nairobi-c1890?Page=14 on attempt 1
2026-03-11 12:17:03,491 - INFO - Page 14: Parsed 21 listings, Inserted 21 new listings.
2026-03-11 12:17:04,813 - INFO - Successfully fetched URL: https://www.property24.co.ke/property-to-rent-in-nairobi-c1890?Page=15 on attempt 1
2026-03-11 12:17:04,980 - INFO - Page 15: Parsed 21 listings, Inserted 21 new listings.
2026-03-11 12:17:06,807 - INFO - Successfully fetched URL: https://www.property24.co.ke/property-to-rent-in-nairobi-c1890?Page=16 on attempt 1
2026-03-11 12:17:07,000 - INFO - Page 16: Parsed 21 listings, Inserted 21 new listings.
2026-03-11 12:17:08,358 - INFO - Successfully fetched URL: https://www.property24.co.ke/property-to-rent-in-nairobi-c1890?Page=17 on attempt 1
2026-03-11 12:17:08,528 - INFO - Page 17: Parsed 21 listings, Inserted 21 new listings.
2026-03-11 12:17:10,405 - INFO - Successfully fetched URL: https://www.property24.co.ke/property-to-rent-in-nairobi-c1890?Page=18 on attempt 1
2026-03-11 12:17:10,586 - INFO - Page 18: Parsed 21 listings, Inserted 21 new listings.
2026-03-11 12:17:11,257 - INFO - Successfully fetched URL: https://www.property24.co.ke/property-to-rent-in-nairobi-c1890?Page=19 on attempt 1
2026-03-11 12:17:11,424 - INFO - Page 19: Parsed 21 listings, Inserted 21 new listings.
2026-03-11 12:17:11,884 - INFO - Successfully fetched URL: https://www.property24.co.ke/property-to-rent-in-nairobi-c1890?Page=20 on attempt 1
2026-03-11 12:17:12,070 - INFO - Page 20: Parsed 21 listings, Inserted 21 new listings.
2026-03-11 12:17:12,719 - INFO - Successfully fetched URL: https://www.property24.co.ke/property-to-rent-in-nairobi-c1890?Page=21 on attempt 1
2026-03-11 12:17:12,889 - INFO - Page 21: Parsed 21 listings, Inserted 21 new listings.
2026-03-11 12:17:13,479 - INFO - Successfully fetched URL: https://www.property24.co.ke/property-to-rent-in-nairobi-c1890?Page=22 on attempt 1
2026-03-11 12:17:13,657 - INFO - Page 22: Parsed 21 listings, Inserted 21 new listings.
2026-03-11 12:17:13,862 - INFO - Successfully fetched URL: https://www.property24.co.ke/property-to-rent-in-nairobi-c1890?Page=23 on attempt 1
2026-03-11 12:17:14,037 - INFO - Page 23: Parsed 21 listings, Inserted 21 new listings.
2026-03-11 12:17:16,045 - INFO - Successfully fetched URL: https://www.property24.co.ke/property-to-rent-in-nairobi-c1890?Page=24 on attempt 1
2026-03-11 12:17:16,280 - INFO - Page 24: Parsed 21 listings, Inserted 21 new listings.
2026-03-11 12:17:16,763 - INFO - Successfully fetched URL: https://www.property24.co.ke/property-to-rent-in-nairobi-c1890?Page=25 on attempt 1
2026-03-11 12:17:16,948 - INFO - Page 25: Parsed 21 listings, Inserted 21 new listings.
2026-03-11 12:17:18,988 - INFO - Successfully fetched URL: https://www.property24.co.ke/property-to-rent-in-nairobi-c1890?Page=26 on attempt 1
2026-03-11 12:17:19,216 - INFO - Page 26: Parsed 21 listings, Inserted 21 new listings.
2026-03-11 12:17:19,984 - INFO - Successfully fetched URL: https://www.property24.co.ke/property-to-rent-in-nairobi-c1890?Page=27 on attempt 1
2026-03-11 12:17:20,260 - INFO - Page 27: Parsed 21 listings, Inserted 21 new listings.
2026-03-11 12:17:21,854 - INFO - Successfully fetched URL: https://www.property24.co.ke/property-to-rent-in-nairobi-c1890?Page=28 on attempt 1
2026-03-11 12:17:22,088 - INFO - Page 28: Parsed 21 listings, Inserted 21 new listings.
2026-03-11 12:17:23,238 - INFO - Successfully fetched URL: https://www.property24.co.ke/property-to-rent-in-nairobi-c1890?Page=29 on attempt 1
2026-03-11 12:17:23,488 - INFO - Page 29: Parsed 21 listings, Inserted 21 new listings.
2026-03-11 12:17:23,867 - INFO - Successfully fetched URL: https://www.property24.co.ke/property-to-rent-in-nairobi-c1890?Page=30 on attempt 1
2026-03-11 12:17:24,155 - INFO - Page 30: Parsed 21 listings, Inserted 21 new listings.
2026-03-11 12:17:24,617 - INFO - Successfully fetched URL: https://www.property24.co.ke/property-to-rent-in-nairobi-c1890?Page=31 on attempt 1
2026-03-11 12:17:24,960 - INFO - Page 31: Parsed 21 listings, Inserted 21 new listings.
2026-03-11 12:17:26,106 - INFO - Successfully fetched URL: https://www.property24.co.ke/property-to-rent-in-nairobi-c1890?Page=32 on attempt 1
2026-03-11 12:17:26,433 - INFO - Page 32: Parsed 21 listings, Inserted 21 new listings.
2026-03-11 12:17:26,917 - INFO - Successfully fetched URL: https://www.property24.co.ke/property-to-rent-in-nairobi-c1890?Page=33 on attempt 1
2026-03-11 12:17:27,125 - INFO - Page 33: Parsed 21 listings, Inserted 21 new listings.
2026-03-11 12:17:27,883 - INFO - Successfully fetched URL: https://www.property24.co.ke/property-to-rent-in-nairobi-c1890?Page=34 on attempt 1
2026-03-11 12:17:28,122 - INFO - Page 34: Parsed 21 listings, Inserted 21 new listings.
2026-03-11 12:17:30,308 - INFO - Successfully fetched URL: https://www.property24.co.ke/property-to-rent-in-nairobi-c1890?Page=35 on attempt 1
2026-03-11 12:17:30,561 - INFO - Page 35: Parsed 21 listings, Inserted 21 new listings.
2026-03-11 12:17:31,325 - INFO - Successfully fetched URL: https://www.property24.co.ke/property-to-rent-in-nairobi-c1890?Page=36 on attempt 1
2026-03-11 12:17:31,502 - INFO - Page 36: Parsed 21 listings, Inserted 21 new listings.
2026-03-11 12:17:31,869 - INFO - Successfully fetched URL: https://www.property24.co.ke/property-to-rent-in-nairobi-c1890?Page=37 on attempt 1
2026-03-11 12:17:32,110 - INFO - Page 37: Parsed 21 listings, Inserted 21 new listings.
2026-03-11 12:17:33,268 - INFO - Successfully fetched URL: https://www.property24.co.ke/property-to-rent-in-nairobi-c1890?Page=38 on attempt 1
2026-03-11 12:17:33,451 - INFO - Page 38: Parsed 21 listings, Inserted 21 new listings.
2026-03-11 12:17:35,193 - INFO - Successfully fetched URL: https://www.property24.co.ke/property-to-rent-in-nairobi-c1890?Page=39 on attempt 1
2026-03-11 12:17:35,371 - INFO - Page 39: Parsed 21 listings, Inserted 21 new listings.
2026-03-11 12:17:37,295 - INFO - Successfully fetched URL: https://www.property24.co.ke/property-to-rent-in-nairobi-c1890?Page=40 on attempt 1
2026-03-11 12:17:37,482 - INFO - Page 40: Parsed 21 listings, Inserted 21 new listings.
2026-03-11 12:17:39,071 - INFO - Successfully fetched URL: https://www.property24.co.ke/property-to-rent-in-nairobi-c1890?Page=41 on attempt 1
2026-03-11 12:17:39,246 - INFO - Page 41: Parsed 21 listings, Inserted 20 new listings.
2026-03-11 12:17:40,429 - INFO - Successfully fetched URL: https://www.property24.co.ke/property-to-rent-in-nairobi-c1890?Page=42 on attempt 1
2026-03-11 12:17:40,602 - INFO - Page 42: Parsed 21 listings, Inserted 21 new listings.
2026-03-11 12:17:42,508 - INFO - Successfully fetched URL: https://www.property24.co.ke/property-to-rent-in-nairobi-c1890?Page=43 on attempt 1
2026-03-11 12:17:42,694 - INFO - Page 43: Parsed 21 listings, Inserted 21 new listings.
2026-03-11 12:17:43,769 - INFO - Successfully fetched URL: https://www.property24.co.ke/property-to-rent-in-nairobi-c1890?Page=44 on attempt 1
2026-03-11 12:17:44,015 - INFO - Page 44: Parsed 21 listings, Inserted 20 new listings.
2026-03-11 12:17:44,702 - INFO - Successfully fetched URL: https://www.property24.co.ke/property-to-rent-in-nairobi-c1890?Page=45 on attempt 1
2026-03-11 12:17:44,869 - INFO - Page 45: Parsed 21 listings, Inserted 21 new listings.
2026-03-11 12:17:46,426 - INFO - Successfully fetched URL: https://www.property24.co.ke/property-to-rent-in-nairobi-c1890?Page=46 on attempt 1
2026-03-11 12:17:46,600 - INFO - Page 46: Parsed 21 listings, Inserted 21 new listings.
2026-03-11 12:17:48,457 - INFO - Successfully fetched URL: https://www.property24.co.ke/property-to-rent-in-nairobi-c1890?Page=47 on attempt 1
2026-03-11 12:17:48,614 - INFO - Page 47: Parsed 21 listings, Inserted 21 new listings.
2026-03-11 12:17:50,455 - INFO - Successfully fetched URL: https://www.property24.co.ke/property-to-rent-in-nairobi-c1890?Page=48 on attempt 1
2026-03-11 12:17:50,625 - INFO - Page 48: Parsed 21 listings, Inserted 20 new listings.
2026-03-11 12:17:52,171 - INFO - Successfully fetched URL: https://www.property24.co.ke/property-to-rent-in-nairobi-c1890?Page=49 on attempt 1
2026-03-11 12:17:52,352 - INFO - Page 49: Parsed 21 listings, Inserted 21 new listings.
2026-03-11 12:17:54,260 - INFO - Successfully fetched URL: https://www.property24.co.ke/property-to-rent-in-nairobi-c1890?Page=50 on attempt 1
2026-03-11 12:17:54,440 - INFO - Page 50: Parsed 21 listings, Inserted 21 new listings.
2026-03-11 12:17:55,761 - INFO - Successfully fetched URL: https://www.property24.co.ke/property-to-rent-in-nairobi-c1890?Page=51 on attempt 1
2026-03-11 12:17:55,958 - INFO - Page 51: Parsed 21 listings, Inserted 20 new listings.
2026-03-11 12:17:57,487 - INFO - Successfully fetched URL: https://www.property24.co.ke/property-to-rent-in-nairobi-c1890?Page=52 on attempt 1
2026-03-11 12:17:57,679 - INFO - Page 52: Parsed 21 listings, Inserted 21 new listings.
2026-03-11 12:17:59,694 - INFO - Successfully fetched URL: https://www.property24.co.ke/property-to-rent-in-nairobi-c1890?Page=53 on attempt 1
2026-03-11 12:17:59,885 - INFO - Page 53: Parsed 21 listings, Inserted 20 new listings.
2026-03-11 12:18:01,447 - INFO - Successfully fetched URL: https://www.property24.co.ke/property-to-rent-in-nairobi-c1890?Page=54 on attempt 1
2026-03-11 12:18:01,642 - INFO - Page 54: Parsed 21 listings, Inserted 21 new listings.
2026-03-11 12:18:02,496 - INFO - Successfully fetched URL: https://www.property24.co.ke/property-to-rent-in-nairobi-c1890?Page=55 on attempt 1
2026-03-11 12:18:02,657 - INFO - Page 55: Parsed 21 listings, Inserted 21 new listings.
2026-03-11 12:18:03,245 - INFO - Successfully fetched URL: https://www.property24.co.ke/property-to-rent-in-nairobi-c1890?Page=56 on attempt 1
2026-03-11 12:18:03,414 - INFO - Page 56: Parsed 21 listings, Inserted 21 new listings.
2026-03-11 12:18:04,941 - INFO - Successfully fetched URL: https://www.property24.co.ke/property-to-rent-in-nairobi-c1890?Page=57 on attempt 1
2026-03-11 12:18:05,116 - INFO - Page 57: Parsed 21 listings, Inserted 21 new listings.
2026-03-11 12:18:06,014 - INFO - Successfully fetched URL: https://www.property24.co.ke/property-to-rent-in-nairobi-c1890?Page=58 on attempt 1
2026-03-11 12:18:06,212 - INFO - Page 58: Parsed 21 listings, Inserted 21 new listings.
2026-03-11 12:18:08,426 - INFO - Successfully fetched URL: https://www.property24.co.ke/property-to-rent-in-nairobi-c1890?Page=59 on attempt 1
2026-03-11 12:18:08,613 - INFO - Page 59: Parsed 21 listings, Inserted 20 new listings.
2026-03-11 12:18:09,112 - INFO - Successfully fetched URL: https://www.property24.co.ke/property-to-rent-in-nairobi-c1890?Page=60 on attempt 1
2026-03-11 12:18:09,312 - INFO - Page 60: Parsed 21 listings, Inserted 21 new listings.
2026-03-11 12:18:10,762 - INFO - Successfully fetched URL: https://www.property24.co.ke/property-to-rent-in-nairobi-c1890?Page=61 on attempt 1
2026-03-11 12:18:10,937 - INFO - Page 61: Parsed 21 listings, Inserted 21 new listings.
2026-03-11 12:18:12,222 - INFO - Successfully fetched URL: https://www.property24.co.ke/property-to-rent-in-nairobi-c1890?Page=62 on attempt 1
2026-03-11 12:18:12,478 - INFO - Page 62: Parsed 21 listings, Inserted 21 new listings.
2026-03-11 12:18:14,434 - INFO - Successfully fetched URL: https://www.property24.co.ke/property-to-rent-in-nairobi-c1890?Page=63 on attempt 1
2026-03-11 12:18:14,613 - INFO - Page 63: Parsed 21 listings, Inserted 20 new listings.
2026-03-11 12:18:14,851 - INFO - Successfully fetched URL: https://www.property24.co.ke/property-to-rent-in-nairobi-c1890?Page=64 on attempt 1
2026-03-11 12:18:15,027 - INFO - Page 64: Parsed 21 listings, Inserted 21 new listings.
2026-03-11 12:18:16,303 - INFO - Successfully fetched URL: https://www.property24.co.ke/property-to-rent-in-nairobi-c1890?Page=65 on attempt 1
2026-03-11 12:18:16,561 - INFO - Page 65: Parsed 21 listings, Inserted 21 new listings.
2026-03-11 12:18:17,865 - INFO - Successfully fetched URL: https://www.property24.co.ke/property-to-rent-in-nairobi-c1890?Page=66 on attempt 1
2026-03-11 12:18:18,075 - INFO - Page 66: Parsed 21 listings, Inserted 21 new listings.
2026-03-11 12:18:19,690 - INFO - Successfully fetched URL: https://www.property24.co.ke/property-to-rent-in-nairobi-c1890?Page=67 on attempt 1
2026-03-11 12:18:19,907 - INFO - Page 67: Parsed 21 listings, Inserted 21 new listings.
2026-03-11 12:18:21,584 - INFO - Successfully fetched URL: https://www.property24.co.ke/property-to-rent-in-nairobi-c1890?Page=68 on attempt 1
2026-03-11 12:18:21,771 - INFO - Page 68: Parsed 21 listings, Inserted 20 new listings.
2026-03-11 12:18:22,895 - INFO - Successfully fetched URL: https://www.property24.co.ke/property-to-rent-in-nairobi-c1890?Page=69 on attempt 1
2026-03-11 12:18:23,093 - INFO - Page 69: Parsed 21 listings, Inserted 21 new listings.
2026-03-11 12:18:25,362 - INFO - Successfully fetched URL: https://www.property24.co.ke/property-to-rent-in-nairobi-c1890?Page=70 on attempt 1
2026-03-11 12:18:25,573 - INFO - Page 70: Parsed 21 listings, Inserted 21 new listings.
2026-03-11 12:18:27,087 - INFO - Successfully fetched URL: https://www.property24.co.ke/property-to-rent-in-nairobi-c1890?Page=71 on attempt 1
2026-03-11 12:18:27,282 - INFO - Page 71: Parsed 21 listings, Inserted 21 new listings.
2026-03-11 12:18:28,712 - INFO - Successfully fetched URL: https://www.property24.co.ke/property-to-rent-in-nairobi-c1890?Page=72 on attempt 1
2026-03-11 12:18:28,899 - INFO - Page 72: Parsed 21 listings, Inserted 21 new listings.
2026-03-11 12:18:29,850 - INFO - Successfully fetched URL: https://www.property24.co.ke/property-to-rent-in-nairobi-c1890?Page=73 on attempt 1
2026-03-11 12:18:30,037 - INFO - Page 73: Parsed 21 listings, Inserted 21 new listings.
2026-03-11 12:18:30,963 - INFO - Successfully fetched URL: https://www.property24.co.ke/property-to-rent-in-nairobi-c1890?Page=74 on attempt 1
2026-03-11 12:18:31,161 - INFO - Page 74: Parsed 21 listings, Inserted 21 new listings.
2026-03-11 12:18:32,949 - INFO - Successfully fetched URL: https://www.property24.co.ke/property-to-rent-in-nairobi-c1890?Page=75 on attempt 1
2026-03-11 12:18:33,188 - INFO - Page 75: Parsed 21 listings, Inserted 21 new listings.
2026-03-11 12:18:33,949 - INFO - Successfully fetched URL: https://www.property24.co.ke/property-to-rent-in-nairobi-c1890?Page=76 on attempt 1
2026-03-11 12:18:34,133 - INFO - Page 76: Parsed 21 listings, Inserted 21 new listings.
2026-03-11 12:18:34,906 - INFO - Successfully fetched URL: https://www.property24.co.ke/property-to-rent-in-nairobi-c1890?Page=77 on attempt 1
2026-03-11 12:18:35,078 - INFO - Page 77: Parsed 21 listings, Inserted 20 new listings.
2026-03-11 12:18:36,119 - INFO - Successfully fetched URL: https://www.property24.co.ke/property-to-rent-in-nairobi-c1890?Page=78 on attempt 1
2026-03-11 12:18:36,291 - INFO - Page 78: Parsed 21 listings, Inserted 21 new listings.
2026-03-11 12:20:48,541 - INFO - database - Connected to database at data/listings.db
2026-03-11 12:20:48,542 - INFO - fetcher - Session created with custom headers.
2026-03-11 12:20:49,961 - INFO - __main__ - last_page: 7308
2026-03-11 12:20:50,458 - INFO - fetcher - Successfully fetched URL: https://www.property24.co.ke/property-to-rent-in-nairobi-c1890?Page=79 on attempt 1
2026-03-11 12:20:50,634 - INFO - __main__ - Page 79: Parsed 21 listings, Inserted 20 new listings.
2026-03-11 12:20:52,538 - INFO - fetcher - Successfully fetched URL: https://www.property24.co.ke/property-to-rent-in-nairobi-c1890?Page=80 on attempt 1
2026-03-11 12:20:52,704 - INFO - __main__ - Page 80: Parsed 21 listings, Inserted 21 new listings.
2026-03-11 12:20:53,504 - INFO - fetcher - Successfully fetched URL: https://www.property24.co.ke/property-to-rent-in-nairobi-c1890?Page=81 on attempt 1
2026-03-11 12:20:53,684 - INFO - __main__ - Page 81: Parsed 21 listings, Inserted 21 new listings.
2026-03-11 12:20:55,558 - INFO - fetcher - Successfully fetched URL: https://www.property24.co.ke/property-to-rent-in-nairobi-c1890?Page=82 on attempt 1
2026-03-11 12:20:55,726 - INFO - __main__ - Page 82: Parsed 21 listings, Inserted 21 new listings.
2026-03-11 12:20:57,704 - INFO - fetcher - Successfully fetched URL: https://www.property24.co.ke/property-to-rent-in-nairobi-c1890?Page=83 on attempt 1
2026-03-11 12:20:57,871 - INFO - __main__ - Page 83: Parsed 21 listings, Inserted 21 new listings.
2026-03-11 12:20:59,208 - INFO - fetcher - Successfully fetched URL: https://www.property24.co.ke/property-to-rent-in-nairobi-c1890?Page=84 on attempt 1
2026-03-11 12:20:59,364 - INFO - __main__ - Page 84: Parsed 21 listings, Inserted 21 new listings.
2026-03-11 12:21:00,669 - INFO - fetcher - Successfully fetched URL: https://www.property24.co.ke/property-to-rent-in-nairobi-c1890?Page=85 on attempt 1
2026-03-11 12:21:00,831 - INFO - __main__ - Page 85: Parsed 21 listings, Inserted 21 new listings.
2026-03-11 12:21:01,875 - INFO - fetcher - Successfully fetched URL: https://www.property24.co.ke/property-to-rent-in-nairobi-c1890?Page=86 on attempt 1
2026-03-11 12:21:02,052 - INFO - __main__ - Page 86: Parsed 21 listings, Inserted 21 new listings.
2026-03-11 12:21:03,005 - INFO - fetcher - Successfully fetched URL: https://www.property24.co.ke/property-to-rent-in-nairobi-c1890?Page=87 on attempt 1
2026-03-11 12:21:03,189 - INFO - __main__ - Page 87: Parsed 21 listings, Inserted 21 new listings.
2026-03-11 12:21:03,817 - INFO - fetcher - Successfully fetched URL: https://www.property24.co.ke/property-to-rent-in-nairobi-c1890?Page=88 on attempt 1
2026-03-11 12:21:04,005 - INFO - __main__ - Page 88: Parsed 21 listings, Inserted 21 new listings.
2026-03-11 12:21:05,467 - INFO - fetcher - Successfully fetched URL: https://www.property24.co.ke/property-to-rent-in-nairobi-c1890?Page=89 on attempt 1
2026-03-11 12:21:05,666 - INFO - __main__ - Page 89: Parsed 21 listings, Inserted 21 new listings.
2026-03-11 12:21:06,378 - INFO - fetcher - Successfully fetched URL: https://www.property24.co.ke/property-to-rent-in-nairobi-c1890?Page=90 on attempt 1
2026-03-11 12:21:06,550 - INFO - __main__ - Page 90: Parsed 21 listings, Inserted 20 new listings.
2026-03-11 12:21:08,308 - INFO - fetcher - Successfully fetched URL: https://www.property24.co.ke/property-to-rent-in-nairobi-c1890?Page=91 on attempt 1
2026-03-11 12:21:08,484 - INFO - __main__ - Page 91: Parsed 21 listings, Inserted 20 new listings.
2026-03-11 12:21:09,003 - INFO - fetcher - Successfully fetched URL: https://www.property24.co.ke/property-to-rent-in-nairobi-c1890?Page=92 on attempt 1
2026-03-11 12:21:09,181 - INFO - __main__ - Page 92: Parsed 21 listings, Inserted 21 new listings.
2026-03-11 12:21:10,919 - INFO - fetcher - Successfully fetched URL: https://www.property24.co.ke/property-to-rent-in-nairobi-c1890?Page=93 on attempt 1
2026-03-11 12:21:11,080 - INFO - __main__ - Page 93: Parsed 21 listings, Inserted 21 new listings.
2026-03-11 12:21:11,918 - INFO - fetcher - Successfully fetched URL: https://www.property24.co.ke/property-to-rent-in-nairobi-c1890?Page=94 on attempt 1
2026-03-11 12:21:12,081 - INFO - __main__ - Page 94: Parsed 21 listings, Inserted 21 new listings.
2026-03-11 12:21:13,890 - INFO - fetcher - Successfully fetched URL: https://www.property24.co.ke/property-to-rent-in-nairobi-c1890?Page=95 on attempt 1
2026-03-11 12:21:14,059 - INFO - __main__ - Page 95: Parsed 21 listings, Inserted 21 new listings.
2026-03-11 12:21:14,749 - INFO - fetcher - Successfully fetched URL: https://www.property24.co.ke/property-to-rent-in-nairobi-c1890?Page=96 on attempt 1
2026-03-11 12:21:14,913 - INFO - __main__ - Page 96: Parsed 21 listings, Inserted 21 new listings.
2026-03-11 12:21:16,128 - INFO - fetcher - Successfully fetched URL: https://www.property24.co.ke/property-to-rent-in-nairobi-c1890?Page=97 on attempt 1
2026-03-11 12:21:16,330 - INFO - __main__ - Page 97: Parsed 21 listings, Inserted 21 new listings.
2026-03-11 12:21:18,337 - INFO - fetcher - Successfully fetched URL: https://www.property24.co.ke/property-to-rent-in-nairobi-c1890?Page=98 on attempt 1
2026-03-11 12:21:18,510 - INFO - __main__ - Page 98: Parsed 21 listings, Inserted 21 new listings.
2026-03-11 12:21:19,593 - INFO - fetcher - Successfully fetched URL: https://www.property24.co.ke/property-to-rent-in-nairobi-c1890?Page=99 on attempt 1
2026-03-11 12:21:19,751 - INFO - __main__ - Page 99: Parsed 21 listings, Inserted 21 new listings.
2026-03-11 12:21:20,882 - INFO - fetcher - Successfully fetched URL: https://www.property24.co.ke/property-to-rent-in-nairobi-c1890?Page=100 on attempt 1
2026-03-11 12:21:21,055 - INFO - __main__ - Page 100: Parsed 21 listings, Inserted 21 new listings.
2026-03-11 12:21:21,467 - INFO - fetcher - Successfully fetched URL: https://www.property24.co.ke/property-to-rent-in-nairobi-c1890?Page=101 on attempt 1
2026-03-11 12:21:21,681 - INFO - __main__ - Page 101: Parsed 21 listings, Inserted 20 new listings.
2026-03-11 12:21:22,668 - INFO - fetcher - Successfully fetched URL: https://www.property24.co.ke/property-to-rent-in-nairobi-c1890?Page=102 on attempt 1
2026-03-11 12:21:22,854 - INFO - __main__ - Page 102: Parsed 21 listings, Inserted 21 new listings.
2026-03-11 12:21:23,044 - INFO - fetcher - Successfully fetched URL: https://www.property24.co.ke/property-to-rent-in-nairobi-c1890?Page=103 on attempt 1
2026-03-11 12:21:23,232 - INFO - __main__ - Page 103: Parsed 21 listings, Inserted 21 new listings.
2026-03-11 12:21:24,886 - INFO - fetcher - Successfully fetched URL: https://www.property24.co.ke/property-to-rent-in-nairobi-c1890?Page=104 on attempt 1
2026-03-11 12:21:25,049 - INFO - __main__ - Page 104: Parsed 21 listings, Inserted 21 new listings.
2026-03-11 12:21:26,180 - INFO - fetcher - Successfully fetched URL: https://www.property24.co.ke/property-to-rent-in-nairobi-c1890?Page=105 on attempt 1
2026-03-11 12:21:26,355 - INFO - __main__ - Page 105: Parsed 21 listings, Inserted 20 new listings.
2026-03-11 12:21:28,490 - INFO - fetcher - Successfully fetched URL: https://www.property24.co.ke/property-to-rent-in-nairobi-c1890?Page=106 on attempt 1
2026-03-11 12:21:28,672 - INFO - __main__ - Page 106: Parsed 21 listings, Inserted 21 new listings.
2026-03-11 12:21:30,001 - INFO - fetcher - Successfully fetched URL: https://www.property24.co.ke/property-to-rent-in-nairobi-c1890?Page=107 on attempt 1
2026-03-11 12:21:30,166 - INFO - __main__ - Page 107: Parsed 21 listings, Inserted 21 new listings.
2026-03-11 12:21:31,607 - INFO - fetcher - Successfully fetched URL: https://www.property24.co.ke/property-to-rent-in-nairobi-c1890?Page=108 on attempt 1
2026-03-11 12:21:31,782 - INFO - __main__ - Page 108: Parsed 21 listings, Inserted 21 new listings.
2026-03-11 12:21:31,974 - INFO - fetcher - Successfully fetched URL: https://www.property24.co.ke/property-to-rent-in-nairobi-c1890?Page=109 on attempt 1
2026-03-11 12:21:32,154 - INFO - __main__ - Page 109: Parsed 21 listings, Inserted 21 new listings.
2026-03-11 12:21:32,984 - INFO - fetcher - Successfully fetched URL: https://www.property24.co.ke/property-to-rent-in-nairobi-c1890?Page=110 on attempt 1
2026-03-11 12:21:33,170 - INFO - __main__ - Page 110: Parsed 21 listings, Inserted 21 new listings.
2026-03-11 12:21:35,086 - INFO - fetcher - Successfully fetched URL: https://www.property24.co.ke/property-to-rent-in-nairobi-c1890?Page=111 on attempt 1
2026-03-11 12:21:35,280 - INFO - __main__ - Page 111: Parsed 21 listings, Inserted 21 new listings.
2026-03-11 12:21:36,029 - INFO - fetcher - Successfully fetched URL: https://www.property24.co.ke/property-to-rent-in-nairobi-c1890?Page=112 on attempt 1
2026-03-11 12:21:36,204 - INFO - __main__ - Page 112: Parsed 21 listings, Inserted 21 new listings.
2026-03-11 12:21:37,249 - INFO - fetcher - Successfully fetched URL: https://www.property24.co.ke/property-to-rent-in-nairobi-c1890?Page=113 on attempt 1
2026-03-11 12:21:37,458 - INFO - __main__ - Page 113: Parsed 21 listings, Inserted 21 new listings.
2026-03-11 12:21:39,204 - INFO - fetcher - Successfully fetched URL: https://www.property24.co.ke/property-to-rent-in-nairobi-c1890?Page=114 on attempt 1
2026-03-11 12:21:39,388 - INFO - __main__ - Page 114: Parsed 21 listings, Inserted 21 new listings.
2026-03-11 12:21:40,275 - INFO - fetcher - Successfully fetched URL: https://www.property24.co.ke/property-to-rent-in-nairobi-c1890?Page=115 on attempt 1
2026-03-11 12:21:40,454 - INFO - __main__ - Page 115: Parsed 21 listings, Inserted 21 new listings.
2026-03-11 12:21:41,720 - INFO - fetcher - Successfully fetched URL: https://www.property24.co.ke/property-to-rent-in-nairobi-c1890?Page=116 on attempt 1
2026-03-11 12:21:41,896 - INFO - __main__ - Page 116: Parsed 21 listings, Inserted 21 new listings.
2026-03-11 12:21:42,666 - INFO - fetcher - Successfully fetched URL: https://www.property24.co.ke/property-to-rent-in-nairobi-c1890?Page=117 on attempt 1
2026-03-11 12:21:42,873 - INFO - __main__ - Page 117: Parsed 21 listings, Inserted 21 new listings.
2026-03-11 12:21:43,957 - INFO - fetcher - Successfully fetched URL: https://www.property24.co.ke/property-to-rent-in-nairobi-c1890?Page=118 on attempt 1
2026-03-11 12:21:44,137 - INFO - __main__ - Page 118: Parsed 21 listings, Inserted 21 new listings.
2026-03-11 12:21:44,453 - INFO - fetcher - Successfully fetched URL: https://www.property24.co.ke/property-to-rent-in-nairobi-c1890?Page=119 on attempt 1
2026-03-11 12:21:44,652 - INFO - __main__ - Page 119: Parsed 21 listings, Inserted 21 new listings.
2026-03-11 12:21:45,869 - INFO - fetcher - Successfully fetched URL: https://www.property24.co.ke/property-to-rent-in-nairobi-c1890?Page=120 on attempt 1
2026-03-11 12:21:46,033 - INFO - __main__ - Page 120: Parsed 21 listings, Inserted 21 new listings.
2026-03-11 12:21:47,015 - INFO - fetcher - Successfully fetched URL: https://www.property24.co.ke/property-to-rent-in-nairobi-c1890?Page=121 on attempt 1
2026-03-11 12:21:47,178 - INFO - __main__ - Page 121: Parsed 21 listings, Inserted 21 new listings.
2026-03-11 12:21:48,749 - INFO - fetcher - Successfully fetched URL: https://www.property24.co.ke/property-to-rent-in-nairobi-c1890?Page=122 on attempt 1
2026-03-11 12:21:48,945 - INFO - __main__ - Page 122: Parsed 21 listings, Inserted 21 new listings.
2026-03-11 12:21:49,638 - INFO - fetcher - Successfully fetched URL: https://www.property24.co.ke/property-to-rent-in-nairobi-c1890?Page=123 on attempt 1
2026-03-11 12:21:49,811 - INFO - __main__ - Page 123: Parsed 21 listings, Inserted 21 new listings.
2026-03-11 12:21:50,603 - INFO - fetcher - Successfully fetched URL: https://www.property24.co.ke/property-to-rent-in-nairobi-c1890?Page=124 on attempt 1
2026-03-11 12:21:50,770 - INFO - __main__ - Page 124: Parsed 21 listings, Inserted 21 new listings.
2026-03-11 12:21:51,775 - INFO - fetcher - Successfully fetched URL: https://www.property24.co.ke/property-to-rent-in-nairobi-c1890?Page=125 on attempt 1
2026-03-11 12:21:51,942 - INFO - __main__ - Page 125: Parsed 21 listings, Inserted 21 new listings.
2026-03-11 12:21:52,178 - INFO - fetcher - Successfully fetched URL: https://www.property24.co.ke/property-to-rent-in-nairobi-c1890?Page=126 on attempt 1
2026-03-11 12:21:52,347 - INFO - __main__ - Page 126: Parsed 21 listings, Inserted 21 new listings.
2026-03-11 12:21:54,377 - INFO - fetcher - Successfully fetched URL: https://www.property24.co.ke/property-to-rent-in-nairobi-c1890?Page=127 on attempt 1
2026-03-11 12:21:54,550 - INFO - __main__ - Page 127: Parsed 21 listings, Inserted 21 new listings.
2026-03-11 12:21:55,035 - INFO - fetcher - Successfully fetched URL: https://www.property24.co.ke/property-to-rent-in-nairobi-c1890?Page=128 on attempt 1
2026-03-11 12:21:55,205 - INFO - __main__ - Page 128: Parsed 21 listings, Inserted 21 new listings.
2026-03-11 12:21:57,456 - INFO - fetcher - Successfully fetched URL: https://www.property24.co.ke/property-to-rent-in-nairobi-c1890?Page=129 on attempt 1
2026-03-11 12:24:20,190 - INFO - database - Connected to database at data/listings.db
2026-03-11 12:24:20,191 - INFO - fetcher - Session created with custom headers.
2026-03-11 12:24:21,574 - INFO - __main__ - last_page: 7308
2026-03-11 12:24:22,334 - INFO - __main__ - Page 129: Parsed 21 listings, Inserted 20 new listings.
2026-03-11 12:24:23,726 - INFO - __main__ - Page 130: Parsed 21 listings, Inserted 21 new listings.
2026-03-11 12:24:26,133 - INFO - __main__ - Page 131: Parsed 21 listings, Inserted 21 new listings.
2026-03-11 12:24:28,060 - INFO - __main__ - Page 132: Parsed 21 listings, Inserted 21 new listings.
2026-03-11 12:24:28,884 - INFO - __main__ - Page 133: Parsed 21 listings, Inserted 21 new listings.
2026-03-11 12:24:29,598 - INFO - __main__ - Page 134: Parsed 21 listings, Inserted 21 new listings.
2026-03-11 12:24:31,202 - INFO - __main__ - Page 135: Parsed 21 listings, Inserted 21 new listings.
2026-03-11 12:24:33,772 - INFO - __main__ - Page 136: Parsed 21 listings, Inserted 21 new listings.
2026-03-11 12:24:36,082 - INFO - __main__ - Page 137: Parsed 21 listings, Inserted 21 new listings.
2026-03-11 12:24:38,676 - INFO - __main__ - Page 138: Parsed 21 listings, Inserted 21 new listings.
2026-03-11 12:24:39,805 - INFO - __main__ - Page 139: Parsed 21 listings, Inserted 21 new listings.
2026-03-11 12:24:40,769 - INFO - __main__ - Page 140: Parsed 21 listings, Inserted 21 new listings.
2026-03-11 12:24:42,669 - INFO - __main__ - Page 141: Parsed 21 listings, Inserted 21 new listings.
2026-03-11 12:24:44,102 - INFO - __main__ - Page 142: Parsed 21 listings, Inserted 21 new listings.
2026-03-11 12:24:46,120 - INFO - __main__ - Page 143: Parsed 21 listings, Inserted 21 new listings.
2026-03-11 12:24:46,635 - INFO - __main__ - Page 144: Parsed 21 listings, Inserted 21 new listings.
2026-03-11 12:24:47,887 - INFO - __main__ - Page 145: Parsed 21 listings, Inserted 21 new listings.
2026-03-11 12:24:49,010 - INFO - __main__ - Page 146: Parsed 21 listings, Inserted 21 new listings.
2026-03-11 12:24:50,225 - INFO - __main__ - Page 147: Parsed 21 listings, Inserted 21 new listings.
2026-03-11 12:24:50,745 - INFO - __main__ - Page 148: Parsed 21 listings, Inserted 21 new listings.
2026-03-11 12:24:52,154 - INFO - __main__ - Page 149: Parsed 21 listings, Inserted 21 new listings.
2026-03-11 12:24:53,875 - INFO - __main__ - Page 150: Parsed 21 listings, Inserted 21 new listings.
2026-03-11 12:24:55,498 - INFO - __main__ - Page 151: Parsed 21 listings, Inserted 21 new listings.
2026-03-11 12:24:58,232 - INFO - __main__ - Page 152: Parsed 21 listings, Inserted 21 new listings.
2026-03-11 12:24:59,053 - INFO - __main__ - Page 153: Parsed 21 listings, Inserted 21 new listings.
2026-03-11 12:25:00,874 - INFO - __main__ - Page 154: Parsed 21 listings, Inserted 21 new listings.
2026-03-11 12:25:02,833 - INFO - __main__ - Page 155: Parsed 21 listings, Inserted 21 new listings.
2026-03-11 12:25:03,557 - INFO - __main__ - Page 156: Parsed 21 listings, Inserted 21 new listings.
2026-03-11 12:25:05,445 - INFO - __main__ - Page 157: Parsed 21 listings, Inserted 21 new listings.
2026-03-11 12:25:06,974 - INFO - __main__ - Page 158: Parsed 21 listings, Inserted 21 new listings.
2026-03-11 13:04:19,885 - INFO - database - Connected to database at data/listings.db
2026-03-11 13:04:19,886 - INFO - fetcher - Session created with custom headers.
2026-03-11 13:04:21,460 - INFO - __main__ - last_page: 7308
2026-03-11 13:04:21,460 - ERROR - futbol24.checkpoint - No checkpoint file found. Starting from the first page.
2026-03-11 13:04:37,298 - INFO - database - Connected to database at data/listings.db
2026-03-11 13:04:37,299 - INFO - fetcher - Session created with custom headers.
2026-03-11 13:04:38,498 - INFO - __main__ - last_page: 7308
2026-03-11 13:04:38,498 - ERROR - futbol24.checkpoint - No checkpoint file found. Starting from the first page.
2026-03-11 13:05:20,124 - INFO - database - Connected to database at data/listings.db
2026-03-11 13:05:20,125 - INFO - fetcher - Session created with custom headers.
2026-03-11 13:05:21,293 - INFO - __main__ - last_page: 7308
2026-03-11 13:05:21,293 - ERROR - futbol24.checkpoint - No checkpoint file found. Starting from the first page.
2026-03-11 13:06:05,256 - INFO - database - Connected to database at data/listings.db
2026-03-11 13:06:05,257 - INFO - fetcher - Session created with custom headers.
2026-03-11 13:06:06,441 - INFO - __main__ - last_page: 7308
2026-03-11 13:06:06,441 - ERROR - futbol24.checkpoint - No checkpoint file found. Starting from the first page.
2026-03-11 13:06:22,908 - INFO - database - Connected to database at data/listings.db
2026-03-11 13:06:22,909 - INFO - fetcher - Session created with custom headers.
2026-03-11 13:06:24,246 - INFO - __main__ - last_page: 7308
2026-03-11 13:06:24,247 - ERROR - futbol24.checkpoint - No checkpoint file found. Starting from the first page.
2026-03-11 13:07:06,063 - INFO - database - Connected to database at data/listings.db
2026-03-11 13:07:06,064 - INFO - fetcher - Session created with custom headers.
2026-03-11 13:07:07,424 - INFO - __main__ - last_page: 7308
2026-03-11 13:07:07,425 - ERROR - futbol24.checkpoint - No checkpoint file found. Starting from the first page.
2026-03-11 13:08:06,069 - INFO - database - Connected to database at data/listings.db
2026-03-11 13:08:06,069 - INFO - fetcher - Session created with custom headers.
2026-03-11 13:08:07,339 - INFO - __main__ - last_page: 7308
2026-03-11 13:08:07,340 - ERROR - futbol24.checkpoint - No checkpoint file found. Starting from the first page.
2026-03-11 13:08:53,841 - INFO - database - Connected to database at data/listings.db
2026-03-11 13:08:53,842 - INFO - fetcher - Session created with custom headers.
2026-03-11 13:08:54,765 - INFO - __main__ - last_page: 7308
2026-03-11 13:08:54,765 - ERROR - futbol24.checkpoint - No checkpoint file found. Starting from the first page.
2026-03-11 13:08:55,089 - INFO - __main__ - Page 1: Parsed 21 listings, Inserted 21 new listings.
2026-03-11 13:08:56,081 - INFO - __main__ - Page 2: Parsed 21 listings, Inserted 21 new listings.
2026-03-11 13:08:56,736 - INFO - __main__ - Page 3: Parsed 21 listings, Inserted 21 new listings.
2026-03-11 13:08:57,592 - INFO - __main__ - Page 4: Parsed 21 listings, Inserted 21 new listings.
2026-03-11 13:08:59,668 - INFO - __main__ - Page 5: Parsed 21 listings, Inserted 21 new listings.
2026-03-11 13:10:30,452 - INFO - database - Connected to database at data/listings.db
2026-03-11 13:10:30,453 - INFO - fetcher - Session created with custom headers.
2026-03-11 13:10:31,882 - INFO - __main__ - last_page: 7309
2026-03-11 13:10:31,882 - ERROR - futbol24.checkpoint - No checkpoint file found. Starting from the first page.
2026-03-11 13:10:32,669 - INFO - __main__ - Page 1: Parsed 21 listings, Inserted 21 new listings.
2026-03-11 13:10:35,033 - INFO - __main__ - Page 2: Parsed 21 listings, Inserted 21 new listings.
2026-03-11 13:10:37,482 - INFO - __main__ - Page 3: Parsed 21 listings, Inserted 21 new listings.
2026-03-11 13:10:37,902 - INFO - __main__ - Page 4: Parsed 21 listings, Inserted 21 new listings.
2026-03-11 13:10:40,147 - INFO - __main__ - Page 5: Parsed 21 listings, Inserted 21 new listings.
2026-03-11 13:10:42,329 - INFO - __main__ - Page 6: Parsed 21 listings, Inserted 21 new listings.
2026-03-11 13:10:43,463 - INFO - __main__ - Page 7: Parsed 21 listings, Inserted 21 new listings.
2026-03-11 13:10:45,222 - INFO - __main__ - Page 8: Parsed 21 listings, Inserted 21 new listings.
2026-03-11 13:10:45,640 - INFO - __main__ - Page 9: Parsed 21 listings, Inserted 21 new listings.
2026-03-11 13:10:46,186 - INFO - __main__ - Page 10: Parsed 21 listings, Inserted 21 new listings.
2026-03-11 13:10:47,261 - INFO - __main__ - Page 11: Parsed 21 listings, Inserted 21 new listings.
2026-03-11 13:10:49,489 - INFO - __main__ - Page 12: Parsed 21 listings, Inserted 20 new listings.
2026-03-11 13:10:50,364 - INFO - __main__ - Page 13: Parsed 21 listings, Inserted 21 new listings.
2026-03-11 13:10:51,933 - INFO - __main__ - Page 14: Parsed 21 listings, Inserted 21 new listings.
2026-03-11 13:10:53,191 - INFO - __main__ - Page 15: Parsed 21 listings, Inserted 21 new listings.
2026-03-11 13:10:54,223 - INFO - __main__ - Page 16: Parsed 21 listings, Inserted 21 new listings.
2026-03-11 13:10:56,061 - INFO - __main__ - Page 17: Parsed 21 listings, Inserted 21 new listings.
2026-03-11 13:10:57,375 - INFO - __main__ - Page 18: Parsed 21 listings, Inserted 21 new listings.
2026-03-11 13:11:01,395 - INFO - __main__ - Page 19: Parsed 21 listings, Inserted 21 new listings.
2026-03-11 13:11:03,607 - INFO - __main__ - Page 20: Parsed 21 listings, Inserted 21 new listings.
2026-03-11 13:11:04,862 - INFO - __main__ - Page 21: Parsed 21 listings, Inserted 21 new listings.
2026-03-11 13:11:05,790 - INFO - __main__ - Page 22: Parsed 21 listings, Inserted 21 new listings.
2026-03-11 13:11:06,843 - INFO - __main__ - Page 23: Parsed 21 listings, Inserted 21 new listings.
2026-03-11 13:11:07,663 - INFO - __main__ - Page 24: Parsed 21 listings, Inserted 21 new listings.
2026-03-11 13:11:08,761 - INFO - __main__ - Page 25: Parsed 21 listings, Inserted 21 new listings.
2026-03-11 13:11:10,997 - INFO - __main__ - Page 26: Parsed 21 listings, Inserted 21 new listings.
2026-03-11 13:11:13,353 - INFO - __main__ - Page 27: Parsed 21 listings, Inserted 21 new listings.
2026-03-11 13:11:14,437 - INFO - __main__ - Page 28: Parsed 21 listings, Inserted 21 new listings.
2026-03-11 13:11:16,454 - INFO - __main__ - Page 29: Parsed 21 listings, Inserted 21 new listings.
2026-03-11 13:11:17,474 - INFO - __main__ - Page 30: Parsed 21 listings, Inserted 21 new listings.
2026-03-11 13:11:18,094 - INFO - __main__ - Page 31: Parsed 21 listings, Inserted 21 new listings.
2026-03-11 13:11:20,481 - INFO - __main__ - Page 32: Parsed 21 listings, Inserted 21 new listings.
2026-03-11 13:11:21,856 - INFO - __main__ - Page 33: Parsed 21 listings, Inserted 21 new listings.
2026-03-11 13:11:23,949 - INFO - __main__ - Page 34: Parsed 21 listings, Inserted 21 new listings.
2026-03-11 13:11:24,729 - INFO - __main__ - Page 35: Parsed 21 listings, Inserted 21 new listings.
2026-03-11 13:11:26,024 - INFO - __main__ - Page 36: Parsed 21 listings, Inserted 21 new listings.
2026-03-11 13:11:27,126 - INFO - __main__ - Page 37: Parsed 21 listings, Inserted 21 new listings.
2026-03-11 13:11:28,020 - INFO - __main__ - Page 38: Parsed 21 listings, Inserted 21 new listings.
2026-03-11 13:11:30,538 - INFO - __main__ - Page 39: Parsed 21 listings, Inserted 21 new listings.
2026-03-11 13:11:31,237 - INFO - __main__ - Page 40: Parsed 21 listings, Inserted 21 new listings.
2026-03-11 13:11:31,853 - INFO - __main__ - Page 41: Parsed 21 listings, Inserted 21 new listings.
2026-03-11 13:11:33,647 - INFO - __main__ - Page 42: Parsed 21 listings, Inserted 21 new listings.
2026-03-11 13:11:35,244 - INFO - __main__ - Page 43: Parsed 21 listings, Inserted 21 new listings.
2026-03-11 13:11:35,700 - INFO - __main__ - Page 44: Parsed 21 listings, Inserted 21 new listings.
2026-03-11 13:11:37,963 - INFO - __main__ - Page 45: Parsed 21 listings, Inserted 21 new listings.
2026-03-11 13:11:40,023 - INFO - __main__ - Page 46: Parsed 21 listings, Inserted 20 new listings.
2026-03-11 13:11:41,110 - INFO - __main__ - Page 47: Parsed 21 listings, Inserted 20 new listings.
2026-03-11 13:11:43,042 - INFO - __main__ - Page 48: Parsed 21 listings, Inserted 21 new listings.
2026-03-11 13:11:43,668 - INFO - __main__ - Page 49: Parsed 21 listings, Inserted 21 new listings.
2026-03-11 13:11:45,388 - INFO - __main__ - Page 50: Parsed 21 listings, Inserted 21 new listings.
2026-03-11 13:11:46,377 - INFO - __main__ - Page 51: Parsed 21 listings, Inserted 21 new listings.
2026-03-11 13:11:47,328 - INFO - __main__ - Page 52: Parsed 21 listings, Inserted 21 new listings.
2026-03-11 13:11:49,722 - INFO - __main__ - Page 53: Parsed 21 listings, Inserted 21 new listings.
2026-03-11 13:11:50,563 - INFO - __main__ - Page 54: Parsed 21 listings, Inserted 21 new listings.
2026-03-11 13:11:51,702 - INFO - __main__ - Page 55: Parsed 21 listings, Inserted 21 new listings.
2026-03-11 13:11:53,472 - INFO - __main__ - Page 56: Parsed 21 listings, Inserted 21 new listings.
2026-03-11 13:11:55,626 - INFO - __main__ - Page 57: Parsed 21 listings, Inserted 21 new listings.
2026-03-11 13:11:57,839 - INFO - __main__ - Page 58: Parsed 21 listings, Inserted 21 new listings.
2026-03-11 13:12:00,305 - INFO - __main__ - Page 59: Parsed 21 listings, Inserted 21 new listings.
2026-03-11 13:12:01,183 - INFO - __main__ - Page 60: Parsed 21 listings, Inserted 21 new listings.
2026-03-11 13:12:03,481 - INFO - __main__ - Page 61: Parsed 21 listings, Inserted 21 new listings.
2026-03-11 13:12:04,503 - INFO - __main__ - Page 62: Parsed 21 listings, Inserted 21 new listings.
2026-03-11 13:12:06,811 - INFO - __main__ - Page 63: Parsed 21 listings, Inserted 21 new listings.
2026-03-11 13:12:09,045 - INFO - __main__ - Page 64: Parsed 21 listings, Inserted 21 new listings.
2026-03-11 13:12:11,378 - INFO - __main__ - Page 65: Parsed 21 listings, Inserted 21 new listings.
2026-03-11 13:12:13,339 - INFO - __main__ - Page 66: Parsed 21 listings, Inserted 21 new listings.
2026-03-11 13:12:15,609 - INFO - __main__ - Page 67: Parsed 21 listings, Inserted 21 new listings.
2026-03-11 13:12:17,081 - INFO - __main__ - Page 68: Parsed 21 listings, Inserted 21 new listings.
2026-03-11 13:12:18,960 - INFO - __main__ - Page 69: Parsed 21 listings, Inserted 21 new listings.
2026-03-11 13:12:20,536 - INFO - __main__ - Page 70: Parsed 21 listings, Inserted 21 new listings.
2026-03-11 13:12:22,980 - INFO - __main__ - Page 71: Parsed 21 listings, Inserted 21 new listings.
2026-03-11 13:12:24,113 - INFO - __main__ - Page 72: Parsed 21 listings, Inserted 21 new listings.
2026-03-11 13:12:26,299 - INFO - __main__ - Page 73: Parsed 21 listings, Inserted 20 new listings.
2026-03-11 13:12:28,583 - INFO - __main__ - Page 74: Parsed 21 listings, Inserted 21 new listings.
2026-03-11 13:12:31,230 - INFO - __main__ - Page 75: Parsed 21 listings, Inserted 21 new listings.
2026-03-11 13:12:32,291 - INFO - __main__ - Page 76: Parsed 21 listings, Inserted 21 new listings.
2026-03-11 13:12:33,543 - INFO - __main__ - Page 77: Parsed 21 listings, Inserted 21 new listings.
2026-03-11 13:12:35,967 - INFO - __main__ - Page 78: Parsed 21 listings, Inserted 21 new listings.
2026-03-11 13:12:36,827 - INFO - __main__ - Page 79: Parsed 21 listings, Inserted 21 new listings.
2026-03-11 13:12:38,680 - INFO - __main__ - Page 80: Parsed 21 listings, Inserted 21 new listings.
2026-03-11 13:12:40,489 - INFO - __main__ - Page 81: Parsed 21 listings, Inserted 21 new listings.
2026-03-11 13:12:41,900 - INFO - __main__ - Page 82: Parsed 21 listings, Inserted 21 new listings.
2026-03-11 13:12:42,541 - INFO - __main__ - Page 83: Parsed 21 listings, Inserted 21 new listings.
2026-03-11 13:12:44,413 - INFO - __main__ - Page 84: Parsed 21 listings, Inserted 21 new listings.
2026-03-11 13:12:47,212 - INFO - __main__ - Page 85: Parsed 21 listings, Inserted 21 new listings.
2026-03-11 13:12:49,393 - INFO - __main__ - Page 86: Parsed 21 listings, Inserted 21 new listings.
2026-03-11 13:12:50,379 - INFO - __main__ - Page 87: Parsed 21 listings, Inserted 21 new listings.
2026-03-11 13:12:51,400 - INFO - __main__ - Page 88: Parsed 21 listings, Inserted 21 new listings.
2026-03-11 13:12:52,507 - INFO - __main__ - Page 89: Parsed 21 listings, Inserted 21 new listings.
2026-03-11 13:12:54,613 - INFO - __main__ - Page 90: Parsed 21 listings, Inserted 21 new listings.
2026-03-11 13:12:55,735 - INFO - __main__ - Page 91: Parsed 21 listings, Inserted 21 new listings.
2026-03-11 13:12:57,535 - INFO - __main__ - Page 92: Parsed 21 listings, Inserted 21 new listings.
2026-03-11 13:12:58,336 - INFO - __main__ - Page 93: Parsed 21 listings, Inserted 21 new listings.
2026-03-11 13:13:00,092 - INFO - __main__ - Page 94: Parsed 21 listings, Inserted 21 new listings.
2026-03-11 13:13:01,752 - INFO - __main__ - Page 95: Parsed 21 listings, Inserted 21 new listings.
2026-03-11 13:13:02,462 - INFO - __main__ - Page 96: Parsed 21 listings, Inserted 21 new listings.
2026-03-11 13:13:03,320 - INFO - __main__ - Page 97: Parsed 21 listings, Inserted 21 new listings.
2026-03-11 13:13:05,400 - INFO - __main__ - Page 98: Parsed 21 listings, Inserted 21 new listings.
2026-03-11 13:13:08,127 - INFO - __main__ - Page 99: Parsed 21 listings, Inserted 21 new listings.
2026-03-11 13:13:09,512 - INFO - __main__ - Page 100: Parsed 21 listings, Inserted 21 new listings.
2026-03-11 13:13:10,778 - INFO - __main__ - Page 101: Parsed 21 listings, Inserted 21 new listings.
2026-03-11 13:13:11,510 - INFO - __main__ - Page 102: Parsed 21 listings, Inserted 21 new listings.
2026-03-11 13:13:14,138 - INFO - __main__ - Page 103: Parsed 21 listings, Inserted 21 new listings.
2026-03-11 13:13:15,254 - INFO - __main__ - Page 104: Parsed 21 listings, Inserted 21 new listings.
2026-03-11 13:13:16,710 - INFO - __main__ - Page 105: Parsed 21 listings, Inserted 21 new listings.
2026-03-11 13:13:19,012 - INFO - __main__ - Page 106: Parsed 21 listings, Inserted 21 new listings.
2026-03-11 13:13:20,366 - INFO - __main__ - Page 107: Parsed 21 listings, Inserted 21 new listings.
2026-03-11 13:13:21,610 - INFO - __main__ - Page 108: Parsed 21 listings, Inserted 21 new listings.
2026-03-11 13:13:23,297 - INFO - __main__ - Page 109: Parsed 21 listings, Inserted 21 new listings.
2026-03-11 13:13:25,475 - INFO - __main__ - Page 110: Parsed 21 listings, Inserted 21 new listings.
2026-03-11 13:13:26,177 - INFO - __main__ - Page 111: Parsed 21 listings, Inserted 21 new listings.
2026-03-11 13:13:28,004 - INFO - __main__ - Page 112: Parsed 21 listings, Inserted 21 new listings.
2026-03-11 13:13:29,197 - INFO - __main__ - Page 113: Parsed 21 listings, Inserted 21 new listings.
2026-03-11 13:13:31,449 - INFO - __main__ - Page 114: Parsed 21 listings, Inserted 21 new listings.
2026-03-11 13:13:32,602 - INFO - __main__ - Page 115: Parsed 21 listings, Inserted 21 new listings.
2026-03-11 13:13:34,881 - INFO - __main__ - Page 116: Parsed 21 listings, Inserted 21 new listings.
2026-03-11 13:13:36,633 - INFO - __main__ - Page 117: Parsed 21 listings, Inserted 21 new listings.
2026-03-11 13:13:38,254 - INFO - __main__ - Page 118: Parsed 21 listings, Inserted 21 new listings.
2026-03-11 13:13:40,416 - INFO - __main__ - Page 119: Parsed 21 listings, Inserted 21 new listings.
2026-03-11 13:13:41,475 - INFO - __main__ - Page 120: Parsed 21 listings, Inserted 21 new listings.
2026-03-11 13:13:42,332 - INFO - __main__ - Page 121: Parsed 21 listings, Inserted 21 new listings.
2026-03-11 13:13:43,899 - INFO - __main__ - Page 122: Parsed 21 listings, Inserted 21 new listings.
2026-03-11 13:13:44,925 - INFO - __main__ - Page 123: Parsed 21 listings, Inserted 21 new listings.
2026-03-11 13:13:46,777 - INFO - __main__ - Page 124: Parsed 21 listings, Inserted 21 new listings.
2026-03-11 13:13:48,712 - INFO - __main__ - Page 125: Parsed 21 listings, Inserted 21 new listings.
2026-03-11 13:13:49,993 - INFO - __main__ - Page 126: Parsed 21 listings, Inserted 20 new listings.
2026-03-11 13:13:51,573 - INFO - __main__ - Page 127: Parsed 21 listings, Inserted 21 new listings.
2026-03-11 13:13:53,579 - INFO - __main__ - Page 128: Parsed 21 listings, Inserted 21 new listings.
2026-03-11 13:13:55,760 - INFO - __main__ - Page 129: Parsed 21 listings, Inserted 20 new listings.
2026-03-11 13:13:56,335 - INFO - __main__ - Page 130: Parsed 21 listings, Inserted 21 new listings.
2026-03-11 13:13:58,289 - INFO - __main__ - Page 131: Parsed 21 listings, Inserted 21 new listings.
2026-03-11 13:13:58,736 - INFO - __main__ - Page 132: Parsed 21 listings, Inserted 21 new listings.
2026-03-11 13:14:00,066 - INFO - __main__ - Page 133: Parsed 21 listings, Inserted 21 new listings.
2026-03-11 13:14:00,930 - INFO - __main__ - Page 134: Parsed 21 listings, Inserted 21 new listings.
2026-03-11 13:14:01,502 - INFO - __main__ - Page 135: Parsed 21 listings, Inserted 21 new listings.
2026-03-11 13:14:02,023 - INFO - __main__ - Page 136: Parsed 21 listings, Inserted 21 new listings.
2026-03-11 13:14:02,555 - INFO - __main__ - Page 137: Parsed 21 listings, Inserted 21 new listings.
2026-03-11 13:14:03,368 - INFO - __main__ - Page 138: Parsed 21 listings, Inserted 21 new listings.
2026-03-11 13:14:05,658 - INFO - __main__ - Page 139: Parsed 21 listings, Inserted 21 new listings.
2026-03-11 13:14:06,660 - INFO - __main__ - Page 140: Parsed 21 listings, Inserted 21 new listings.
2026-03-11 13:14:07,261 - INFO - __main__ - Page 141: Parsed 21 listings, Inserted 21 new listings.
2026-03-11 13:14:07,761 - INFO - __main__ - Page 142: Parsed 21 listings, Inserted 21 new listings.
2026-03-11 13:14:08,354 - INFO - __main__ - Page 143: Parsed 21 listings, Inserted 21 new listings.
2026-03-11 13:14:09,098 - INFO - __main__ - Page 144: Parsed 21 listings, Inserted 21 new listings.
2026-03-11 13:14:10,406 - INFO - __main__ - Page 145: Parsed 21 listings, Inserted 21 new listings.
2026-03-11 13:14:11,221 - INFO - __main__ - Page 146: Parsed 21 listings, Inserted 21 new listings.
2026-03-11 13:14:12,458 - INFO - __main__ - Page 147: Parsed 21 listings, Inserted 21 new listings.
2026-03-11 13:14:14,358 - INFO - __main__ - Page 148: Parsed 21 listings, Inserted 21 new listings.
2026-03-11 13:14:15,238 - INFO - __main__ - Page 149: Parsed 21 listings, Inserted 21 new listings.
2026-03-11 13:14:16,156 - INFO - __main__ - Page 150: Parsed 21 listings, Inserted 21 new listings.
2026-03-11 13:14:17,682 - INFO - __main__ - Page 151: Parsed 21 listings, Inserted 21 new listings.
2026-03-11 13:14:20,174 - INFO - __main__ - Page 152: Parsed 21 listings, Inserted 20 new listings.
2026-03-11 13:14:22,069 - INFO - __main__ - Page 153: Parsed 21 listings, Inserted 21 new listings.
2026-03-11 13:14:22,876 - INFO - __main__ - Page 154: Parsed 21 listings, Inserted 21 new listings.
2026-03-11 13:14:24,861 - INFO - __main__ - Page 155: Parsed 21 listings, Inserted 21 new listings.
2026-03-11 13:14:25,477 - INFO - __main__ - Page 156: Parsed 21 listings, Inserted 21 new listings.
2026-03-11 13:14:27,203 - INFO - __main__ - Page 157: Parsed 21 listings, Inserted 21 new listings.
2026-03-11 13:14:29,265 - INFO - __main__ - Page 158: Parsed 21 listings, Inserted 21 new listings.
2026-03-11 13:14:31,037 - INFO - __main__ - Page 159: Parsed 21 listings, Inserted 21 new listings.
2026-03-11 13:14:31,644 - INFO - __main__ - Page 160: Parsed 21 listings, Inserted 21 new listings.
2026-03-11 13:14:34,152 - INFO - __main__ - Page 161: Parsed 21 listings, Inserted 21 new listings.
2026-03-11 13:14:34,921 - INFO - __main__ - Page 162: Parsed 21 listings, Inserted 21 new listings.
2026-03-11 13:14:35,877 - INFO - __main__ - Page 163: Parsed 21 listings, Inserted 21 new listings.
2026-03-11 13:14:37,265 - INFO - __main__ - Page 164: Parsed 21 listings, Inserted 21 new listings.
2026-03-11 13:14:38,471 - INFO - __main__ - Page 165: Parsed 21 listings, Inserted 21 new listings.
2026-03-11 13:14:40,762 - INFO - __main__ - Page 166: Parsed 21 listings, Inserted 21 new listings.
2026-03-11 13:14:42,203 - INFO - __main__ - Page 167: Parsed 21 listings, Inserted 21 new listings.
2026-03-11 13:14:44,381 - INFO - __main__ - Page 168: Parsed 21 listings, Inserted 21 new listings.
2026-03-11 13:14:45,539 - INFO - __main__ - Page 169: Parsed 21 listings, Inserted 21 new listings.
2026-03-11 13:14:47,991 - INFO - __main__ - Page 170: Parsed 21 listings, Inserted 21 new listings.
2026-03-11 13:14:49,156 - INFO - __main__ - Page 171: Parsed 21 listings, Inserted 21 new listings.
2026-03-12 11:10:55,389 - INFO - database - Connected to database at data/listings.db
2026-03-12 11:10:55,397 - INFO - fetcher - Session created with custom headers.
2026-03-12 11:10:57,356 - INFO - __main__ - last_page: 7321
2026-03-12 11:10:59,111 - INFO - __main__ - Page 172: Parsed 21 listings, Inserted 1 new listings.
2026-03-12 11:11:00,168 - INFO - __main__ - Page 173: Parsed 21 listings, Inserted 3 new listings.
2026-03-12 11:11:01,193 - INFO - __main__ - Page 174: Parsed 21 listings, Inserted 2 new listings.
2026-03-12 11:11:03,319 - INFO - __main__ - Page 175: Parsed 21 listings, Inserted 4 new listings.
2026-03-12 11:11:04,056 - INFO - __main__ - Page 176: Parsed 21 listings, Inserted 4 new listings.
2026-03-12 11:11:06,575 - INFO - __main__ - Page 177: Parsed 21 listings, Inserted 7 new listings.
2026-03-12 11:11:07,843 - INFO - __main__ - Page 178: Parsed 21 listings, Inserted 9 new listings.
2026-03-12 11:11:10,487 - INFO - __main__ - Page 179: Parsed 21 listings, Inserted 18 new listings.
2026-03-12 11:11:12,193 - INFO - __main__ - Page 180: Parsed 21 listings, Inserted 18 new listings.
2026-03-12 11:11:13,344 - INFO - __main__ - Page 181: Parsed 21 listings, Inserted 20 new listings.
2026-03-12 11:11:14,940 - INFO - __main__ - Page 182: Parsed 21 listings, Inserted 21 new listings.
2026-03-12 11:11:17,287 - INFO - __main__ - Page 183: Parsed 21 listings, Inserted 21 new listings.
2026-03-12 11:11:19,053 - INFO - __main__ - Page 184: Parsed 21 listings, Inserted 21 new listings.
2026-03-12 11:11:20,395 - INFO - __main__ - Page 185: Parsed 21 listings, Inserted 20 new listings.
2026-03-12 11:11:21,639 - INFO - __main__ - Page 186: Parsed 21 listings, Inserted 21 new listings.
2026-03-12 11:11:23,603 - INFO - __main__ - Page 187: Parsed 21 listings, Inserted 21 new listings.
2026-03-12 11:11:24,446 - INFO - __main__ - Page 188: Parsed 21 listings, Inserted 21 new listings.
2026-03-12 11:11:25,581 - INFO - __main__ - Page 189: Parsed 21 listings, Inserted 21 new listings.
2026-03-12 11:11:27,383 - INFO - __main__ - Page 190: Parsed 21 listings, Inserted 20 new listings.
2026-03-12 11:11:28,367 - INFO - __main__ - Page 191: Parsed 21 listings, Inserted 21 new listings.
2026-03-12 11:11:29,064 - INFO - __main__ - Page 192: Parsed 21 listings, Inserted 20 new listings.
2026-03-12 11:11:29,594 - INFO - __main__ - Page 193: Parsed 21 listings, Inserted 21 new listings.
2026-03-12 11:11:31,848 - INFO - __main__ - Page 194: Parsed 21 listings, Inserted 21 new listings.
2026-03-12 11:11:32,332 - INFO - __main__ - Page 195: Parsed 21 listings, Inserted 21 new listings.
2026-03-12 11:11:33,816 - INFO - __main__ - Page 196: Parsed 21 listings, Inserted 20 new listings.
2026-03-12 11:11:35,041 - INFO - __main__ - Page 197: Parsed 21 listings, Inserted 21 new listings.
2026-03-12 11:11:36,034 - INFO - __main__ - Page 198: Parsed 21 listings, Inserted 21 new listings.
2026-03-12 11:11:37,613 - INFO - __main__ - Page 199: Parsed 21 listings, Inserted 21 new listings.
2026-03-12 11:11:39,724 - INFO - __main__ - Page 200: Parsed 21 listings, Inserted 20 new listings.
2026-03-12 11:11:40,165 - INFO - __main__ - Page 201: Parsed 21 listings, Inserted 20 new listings.
2026-03-12 11:20:42,650 - INFO - database - Connected to database at data/listings.db
2026-03-12 11:20:42,651 - INFO - fetcher - Session created with custom headers.
2026-03-12 11:20:44,208 - INFO - __main__ - last_page: 7322
2026-03-12 11:20:44,209 - INFO - futbol24.checkpoint - No checkpoint file found. Starting from the first page.
2026-03-12 11:20:44,625 - INFO - __main__ - Page 1: Parsed 21 listings, Inserted 21 new listings.
2026-03-12 11:20:45,618 - INFO - __main__ - Page 2: Parsed 21 listings, Inserted 21 new listings.
2026-03-12 11:20:48,081 - INFO - __main__ - Page 3: Parsed 21 listings, Inserted 21 new listings.
2026-03-12 11:20:49,484 - INFO - __main__ - Page 4: Parsed 21 listings, Inserted 21 new listings.
2026-03-12 11:20:50,326 - INFO - __main__ - Page 5: Parsed 21 listings, Inserted 21 new listings.
2026-03-12 11:20:51,264 - INFO - __main__ - Page 6: Parsed 21 listings, Inserted 21 new listings.
2026-03-12 11:20:51,694 - INFO - __main__ - Page 7: Parsed 21 listings, Inserted 21 new listings.
2026-03-12 11:20:52,190 - INFO - __main__ - Page 8: Parsed 21 listings, Inserted 21 new listings.
2026-03-12 11:20:54,248 - INFO - __main__ - Page 9: Parsed 21 listings, Inserted 21 new listings.
2026-03-12 11:20:55,157 - INFO - __main__ - Page 10: Parsed 21 listings, Inserted 21 new listings.
2026-03-12 11:20:57,181 - INFO - __main__ - Page 11: Parsed 21 listings, Inserted 20 new listings.
2026-03-12 11:20:58,525 - INFO - __main__ - Page 12: Parsed 21 listings, Inserted 21 new listings.
2026-03-12 11:21:00,460 - INFO - __main__ - Page 13: Parsed 21 listings, Inserted 20 new listings.
2026-03-12 11:21:01,659 - INFO - __main__ - Page 14: Parsed 21 listings, Inserted 21 new listings.
2026-03-12 11:21:03,958 - INFO - __main__ - Page 15: Parsed 21 listings, Inserted 21 new listings.
2026-03-12 11:21:06,454 - INFO - __main__ - Page 16: Parsed 21 listings, Inserted 21 new listings.
2026-03-12 11:21:07,332 - INFO - __main__ - Page 17: Parsed 21 listings, Inserted 20 new listings.
2026-03-12 11:21:09,284 - INFO - __main__ - Page 18: Parsed 21 listings, Inserted 21 new listings.
2026-03-12 11:21:10,746 - INFO - __main__ - Page 19: Parsed 21 listings, Inserted 21 new listings.
2026-03-12 11:21:11,869 - INFO - __main__ - Page 20: Parsed 21 listings, Inserted 21 new listings.
2026-03-12 11:21:12,965 - INFO - __main__ - Page 21: Parsed 21 listings, Inserted 21 new listings.
2026-03-12 11:21:15,144 - INFO - __main__ - Page 22: Parsed 21 listings, Inserted 21 new listings.
2026-03-12 11:21:16,359 - INFO - __main__ - Page 23: Parsed 21 listings, Inserted 20 new listings.
2026-03-12 11:21:18,472 - INFO - __main__ - Page 24: Parsed 21 listings, Inserted 21 new listings.
2026-03-12 11:21:20,224 - INFO - __main__ - Page 25: Parsed 21 listings, Inserted 21 new listings.
2026-03-12 11:21:21,973 - INFO - __main__ - Page 26: Parsed 21 listings, Inserted 21 new listings.
2026-03-12 11:21:23,547 - INFO - __main__ - Page 27: Parsed 21 listings, Inserted 21 new listings.
2026-03-12 11:21:24,160 - INFO - __main__ - Page 28: Parsed 21 listings, Inserted 19 new listings.
2026-03-12 11:21:26,696 - INFO - __main__ - Page 29: Parsed 21 listings, Inserted 21 new listings.
2026-03-12 11:21:27,499 - INFO - __main__ - Page 30: Parsed 21 listings, Inserted 21 new listings.
2026-03-12 11:21:28,255 - INFO - __main__ - Page 31: Parsed 21 listings, Inserted 20 new listings.
2026-03-12 11:21:30,371 - INFO - __main__ - Page 32: Parsed 21 listings, Inserted 21 new listings.
2026-03-12 11:21:31,554 - INFO - __main__ - Page 33: Parsed 21 listings, Inserted 21 new listings.
2026-03-12 11:21:32,182 - INFO - __main__ - Page 34: Parsed 21 listings, Inserted 21 new listings.
2026-03-12 11:21:33,757 - INFO - __main__ - Page 35: Parsed 21 listings, Inserted 21 new listings.
2026-03-12 11:21:34,375 - INFO - __main__ - Page 36: Parsed 21 listings, Inserted 21 new listings.
2026-03-12 11:21:35,529 - INFO - __main__ - Page 37: Parsed 21 listings, Inserted 20 new listings.
2026-03-12 11:21:37,148 - INFO - __main__ - Page 38: Parsed 21 listings, Inserted 21 new listings.
2026-03-12 11:21:39,628 - INFO - __main__ - Page 39: Parsed 21 listings, Inserted 21 new listings.
2026-03-12 11:21:41,908 - INFO - __main__ - Page 40: Parsed 21 listings, Inserted 19 new listings.
2026-03-12 11:21:44,246 - INFO - __main__ - Page 41: Parsed 21 listings, Inserted 21 new listings.
2026-03-12 11:21:46,649 - INFO - __main__ - Page 42: Parsed 21 listings, Inserted 21 new listings.
2026-03-12 11:21:47,636 - INFO - __main__ - Page 43: Parsed 21 listings, Inserted 21 new listings.
2026-03-12 11:21:49,285 - INFO - __main__ - Page 44: Parsed 21 listings, Inserted 21 new listings.
2026-03-12 11:21:49,705 - INFO - __main__ - Page 45: Parsed 21 listings, Inserted 21 new listings.
2026-03-12 11:21:50,475 - INFO - __main__ - Page 46: Parsed 21 listings, Inserted 21 new listings.
2026-03-12 11:21:51,393 - INFO - __main__ - Page 47: Parsed 21 listings, Inserted 20 new listings.
2026-03-12 11:21:52,195 - INFO - __main__ - Page 48: Parsed 21 listings, Inserted 21 new listings.
2026-03-12 11:21:53,189 - INFO - __main__ - Page 49: Parsed 21 listings, Inserted 21 new listings.
2026-03-12 11:21:53,846 - INFO - __main__ - Page 50: Parsed 21 listings, Inserted 20 new listings.
2026-03-12 11:21:55,183 - INFO - __main__ - Page 51: Parsed 21 listings, Inserted 21 new listings.
2026-03-12 11:21:56,465 - INFO - __main__ - Page 52: Parsed 21 listings, Inserted 21 new listings.
2026-03-12 11:21:57,328 - INFO - __main__ - Page 53: Parsed 21 listings, Inserted 21 new listings.
2026-03-12 11:21:58,870 - INFO - __main__ - Page 54: Parsed 21 listings, Inserted 20 new listings.
2026-03-12 11:22:00,597 - INFO - __main__ - Page 55: Parsed 21 listings, Inserted 21 new listings.
2026-03-12 11:22:02,060 - INFO - __main__ - Page 56: Parsed 21 listings, Inserted 21 new listings.
2026-03-12 11:22:03,641 - INFO - __main__ - Page 57: Parsed 21 listings, Inserted 21 new listings.
2026-03-12 11:22:04,258 - INFO - __main__ - Page 58: Parsed 21 listings, Inserted 21 new listings.
2026-03-12 11:22:06,430 - INFO - __main__ - Page 59: Parsed 21 listings, Inserted 21 new listings.
2026-03-12 11:22:07,617 - INFO - __main__ - Page 60: Parsed 21 listings, Inserted 21 new listings.
2026-03-12 11:22:09,861 - INFO - __main__ - Page 61: Parsed 21 listings, Inserted 21 new listings.
2026-03-12 11:22:11,497 - INFO - __main__ - Page 62: Parsed 21 listings, Inserted 21 new listings.
2026-03-12 11:22:13,058 - INFO - __main__ - Page 63: Parsed 21 listings, Inserted 21 new listings.
2026-03-12 11:22:14,272 - INFO - __main__ - Page 64: Parsed 21 listings, Inserted 21 new listings.
2026-03-12 11:22:16,132 - INFO - __main__ - Page 65: Parsed 21 listings, Inserted 21 new listings.
2026-03-12 11:22:17,345 - INFO - __main__ - Page 66: Parsed 21 listings, Inserted 21 new listings.
2026-03-12 11:22:19,276 - INFO - __main__ - Page 67: Parsed 21 listings, Inserted 20 new listings.
2026-03-12 11:22:21,578 - INFO - __main__ - Page 68: Parsed 21 listings, Inserted 21 new listings.
2026-03-12 11:22:23,985 - INFO - __main__ - Page 69: Parsed 21 listings, Inserted 21 new listings.
2026-03-12 11:22:25,925 - INFO - __main__ - Page 70: Parsed 21 listings, Inserted 21 new listings.
2026-03-12 11:22:27,487 - INFO - __main__ - Page 71: Parsed 21 listings, Inserted 20 new listings.
2026-03-12 11:22:29,689 - INFO - __main__ - Page 72: Parsed 21 listings, Inserted 21 new listings.
2026-03-12 11:22:30,201 - INFO - __main__ - Page 73: Parsed 21 listings, Inserted 20 new listings.
2026-03-12 11:22:32,195 - INFO - __main__ - Page 74: Parsed 21 listings, Inserted 21 new listings.
2026-03-12 11:22:34,351 - INFO - __main__ - Page 75: Parsed 21 listings, Inserted 21 new listings.
2026-03-12 11:22:36,360 - INFO - __main__ - Page 76: Parsed 21 listings, Inserted 21 new listings.
2026-03-12 11:22:38,340 - INFO - __main__ - Page 77: Parsed 21 listings, Inserted 21 new listings.
2026-03-12 11:22:38,844 - INFO - __main__ - Page 78: Parsed 21 listings, Inserted 21 new listings.
2026-03-12 11:22:39,423 - INFO - __main__ - Page 79: Parsed 21 listings, Inserted 21 new listings.
2026-03-12 11:22:41,046 - INFO - __main__ - Page 80: Parsed 21 listings, Inserted 20 new listings.
2026-03-12 11:22:43,867 - INFO - __main__ - Page 81: Parsed 21 listings, Inserted 21 new listings.
2026-03-12 11:22:45,000 - INFO - __main__ - Page 82: Parsed 21 listings, Inserted 21 new listings.
2026-03-12 11:22:46,850 - INFO - __main__ - Page 83: Parsed 21 listings, Inserted 21 new listings.
2026-03-12 11:22:49,089 - INFO - __main__ - Page 84: Parsed 21 listings, Inserted 20 new listings.
2026-03-12 11:22:49,598 - INFO - __main__ - Page 85: Parsed 21 listings, Inserted 21 new listings.
2026-03-12 11:22:50,829 - INFO - __main__ - Page 86: Parsed 21 listings, Inserted 21 new listings.
2026-03-12 11:22:52,379 - INFO - __main__ - Page 87: Parsed 21 listings, Inserted 21 new listings.
2026-03-12 11:22:53,525 - INFO - __main__ - Page 88: Parsed 21 listings, Inserted 21 new listings.
2026-03-12 11:22:54,632 - INFO - __main__ - Page 89: Parsed 21 listings, Inserted 20 new listings.
2026-03-12 11:22:57,050 - INFO - __main__ - Page 90: Parsed 21 listings, Inserted 21 new listings.
2026-03-12 11:22:58,792 - INFO - __main__ - Page 91: Parsed 21 listings, Inserted 20 new listings.
2026-03-12 11:23:01,003 - INFO - __main__ - Page 92: Parsed 21 listings, Inserted 21 new listings.
2026-03-12 11:23:02,970 - INFO - __main__ - Page 93: Parsed 21 listings, Inserted 21 new listings.
2026-03-12 11:23:04,497 - INFO - __main__ - Page 94: Parsed 21 listings, Inserted 21 new listings.
2026-03-12 11:23:06,426 - INFO - __main__ - Page 95: Parsed 21 listings, Inserted 21 new listings.
2026-03-12 11:23:07,853 - INFO - __main__ - Page 96: Parsed 21 listings, Inserted 20 new listings.
2026-03-12 11:23:09,796 - INFO - __main__ - Page 97: Parsed 21 listings, Inserted 21 new listings.
2026-03-12 11:23:10,477 - INFO - __main__ - Page 98: Parsed 21 listings, Inserted 20 new listings.
2026-03-12 11:23:13,179 - INFO - __main__ - Page 99: Parsed 21 listings, Inserted 21 new listings.
2026-03-12 11:23:13,954 - INFO - __main__ - Page 100: Parsed 21 listings, Inserted 21 new listings.
2026-03-12 11:23:15,454 - INFO - __main__ - Page 101: Parsed 21 listings, Inserted 21 new listings.
2026-03-12 11:23:17,038 - INFO - __main__ - Page 102: Parsed 21 listings, Inserted 20 new listings.
2026-03-12 11:23:18,071 - INFO - __main__ - Page 103: Parsed 21 listings, Inserted 20 new listings.
2026-03-12 11:23:20,234 - INFO - __main__ - Page 104: Parsed 21 listings, Inserted 21 new listings.
2026-03-12 11:23:22,122 - INFO - __main__ - Page 105: Parsed 21 listings, Inserted 20 new listings.
2026-03-12 11:23:24,274 - INFO - __main__ - Page 106: Parsed 21 listings, Inserted 21 new listings.
2026-03-12 11:23:24,765 - INFO - __main__ - Page 107: Parsed 21 listings, Inserted 20 new listings.
2026-03-12 11:23:26,521 - INFO - __main__ - Page 108: Parsed 21 listings, Inserted 20 new listings.
2026-03-12 11:23:28,773 - INFO - __main__ - Page 109: Parsed 21 listings, Inserted 20 new listings.
2026-03-12 11:23:30,466 - INFO - __main__ - Page 110: Parsed 21 listings, Inserted 21 new listings.
2026-03-12 11:23:32,475 - INFO - __main__ - Page 111: Parsed 21 listings, Inserted 20 new listings.
2026-03-12 11:23:34,353 - INFO - __main__ - Page 112: Parsed 21 listings, Inserted 21 new listings.
2026-03-12 11:23:35,272 - INFO - __main__ - Page 113: Parsed 21 listings, Inserted 20 new listings.
2026-03-12 11:23:36,099 - INFO - __main__ - Page 114: Parsed 21 listings, Inserted 21 new listings.
2026-03-12 11:23:37,418 - INFO - __main__ - Page 115: Parsed 21 listings, Inserted 20 new listings.
2026-03-12 11:23:39,351 - INFO - __main__ - Page 116: Parsed 21 listings, Inserted 21 new listings.
2026-03-12 11:23:40,142 - INFO - __main__ - Page 117: Parsed 21 listings, Inserted 20 new listings.
2026-03-12 11:23:42,277 - INFO - __main__ - Page 118: Parsed 21 listings, Inserted 21 new listings.
2026-03-12 11:23:44,127 - INFO - __main__ - Page 119: Parsed 21 listings, Inserted 21 new listings.
2026-03-12 11:23:44,901 - INFO - __main__ - Page 120: Parsed 21 listings, Inserted 21 new listings.
2026-03-12 11:23:46,314 - INFO - __main__ - Page 121: Parsed 21 listings, Inserted 21 new listings.
2026-03-12 11:23:47,349 - INFO - __main__ - Page 122: Parsed 21 listings, Inserted 21 new listings.
2026-03-12 11:23:49,071 - INFO - __main__ - Page 123: Parsed 21 listings, Inserted 20 new listings.
2026-03-12 11:23:51,159 - INFO - __main__ - Page 124: Parsed 21 listings, Inserted 21 new listings.
2026-03-12 11:23:52,500 - INFO - __main__ - Page 125: Parsed 21 listings, Inserted 21 new listings.
2026-03-12 11:23:53,696 - INFO - __main__ - Page 126: Parsed 21 listings, Inserted 20 new listings.
2026-03-12 11:23:55,772 - INFO - __main__ - Page 127: Parsed 21 listings, Inserted 21 new listings.
2026-03-12 11:23:57,001 - INFO - __main__ - Page 128: Parsed 21 listings, Inserted 21 new listings.
2026-03-12 11:23:59,293 - INFO - __main__ - Page 129: Parsed 21 listings, Inserted 21 new listings.
2026-03-12 11:24:00,844 - INFO - __main__ - Page 130: Parsed 21 listings, Inserted 21 new listings.
2026-03-12 11:24:01,911 - INFO - __main__ - Page 131: Parsed 21 listings, Inserted 21 new listings.
2026-03-12 11:24:03,629 - INFO - __main__ - Page 132: Parsed 21 listings, Inserted 21 new listings.
2026-03-12 11:24:05,812 - INFO - __main__ - Page 133: Parsed 21 listings, Inserted 21 new listings.
2026-03-12 11:24:07,625 - INFO - __main__ - Page 134: Parsed 21 listings, Inserted 21 new listings.
2026-03-12 11:24:09,531 - INFO - __main__ - Page 135: Parsed 21 listings, Inserted 21 new listings.
2026-03-12 11:24:10,604 - INFO - __main__ - Page 136: Parsed 21 listings, Inserted 20 new listings.
2026-03-12 11:24:12,847 - INFO - __main__ - Page 137: Parsed 21 listings, Inserted 21 new listings.
2026-03-12 11:24:15,200 - INFO - __main__ - Page 138: Parsed 21 listings, Inserted 21 new listings.
2026-03-12 11:24:17,058 - INFO - __main__ - Page 139: Parsed 21 listings, Inserted 21 new listings.
2026-03-12 11:24:19,418 - INFO - __main__ - Page 140: Parsed 21 listings, Inserted 21 new listings.
2026-03-12 11:24:20,728 - INFO - __main__ - Page 141: Parsed 21 listings, Inserted 21 new listings.
2026-03-12 11:24:21,740 - INFO - __main__ - Page 142: Parsed 21 listings, Inserted 21 new listings.
2026-03-12 11:24:23,429 - INFO - __main__ - Page 143: Parsed 21 listings, Inserted 20 new listings.
2026-03-12 11:24:24,469 - INFO - __main__ - Page 144: Parsed 21 listings, Inserted 21 new listings.
2026-03-12 11:24:25,748 - INFO - __main__ - Page 145: Parsed 21 listings, Inserted 21 new listings.
2026-03-12 11:24:26,833 - INFO - __main__ - Page 146: Parsed 21 listings, Inserted 21 new listings.
2026-03-12 11:24:28,246 - INFO - __main__ - Page 147: Parsed 21 listings, Inserted 21 new listings.
2026-03-12 11:24:28,736 - INFO - __main__ - Page 148: Parsed 21 listings, Inserted 20 new listings.
2026-03-12 11:24:30,896 - INFO - __main__ - Page 149: Parsed 21 listings, Inserted 21 new listings.
2026-03-12 11:24:31,576 - INFO - __main__ - Page 150: Parsed 21 listings, Inserted 21 new listings.
2026-03-12 11:24:33,813 - INFO - __main__ - Page 151: Parsed 21 listings, Inserted 21 new listings.
2026-03-12 11:24:35,727 - INFO - __main__ - Page 152: Parsed 21 listings, Inserted 21 new listings.
2026-03-12 11:24:37,301 - INFO - __main__ - Page 153: Parsed 21 listings, Inserted 21 new listings.
2026-03-12 11:24:38,159 - INFO - __main__ - Page 154: Parsed 21 listings, Inserted 20 new listings.
2026-03-12 11:24:40,453 - INFO - __main__ - Page 155: Parsed 21 listings, Inserted 21 new listings.
2026-03-12 11:24:41,845 - INFO - __main__ - Page 156: Parsed 21 listings, Inserted 20 new listings.
2026-03-12 11:24:43,771 - INFO - __main__ - Page 157: Parsed 21 listings, Inserted 21 new listings.
2026-03-12 11:24:45,465 - INFO - __main__ - Page 158: Parsed 21 listings, Inserted 21 new listings.
2026-03-12 11:24:46,528 - INFO - __main__ - Page 159: Parsed 21 listings, Inserted 21 new listings.
2026-03-12 11:24:47,851 - INFO - __main__ - Page 160: Parsed 21 listings, Inserted 21 new listings.
2026-03-12 11:24:49,849 - INFO - __main__ - Page 161: Parsed 21 listings, Inserted 20 new listings.
2026-03-12 11:24:51,597 - INFO - __main__ - Page 162: Parsed 21 listings, Inserted 21 new listings.
2026-03-12 11:24:52,144 - INFO - __main__ - Page 163: Parsed 21 listings, Inserted 21 new listings.
2026-03-12 11:24:53,541 - INFO - __main__ - Page 164: Parsed 21 listings, Inserted 20 new listings.
2026-03-12 11:24:56,143 - INFO - __main__ - Page 165: Parsed 21 listings, Inserted 21 new listings.
2026-03-12 11:24:57,758 - INFO - __main__ - Page 166: Parsed 21 listings, Inserted 21 new listings.
2026-03-12 11:24:58,385 - INFO - __main__ - Page 167: Parsed 21 listings, Inserted 21 new listings.
2026-03-12 11:24:59,030 - INFO - __main__ - Page 168: Parsed 21 listings, Inserted 21 new listings.
2026-03-12 11:25:00,880 - INFO - __main__ - Page 169: Parsed 21 listings, Inserted 21 new listings.
2026-03-12 11:25:02,636 - INFO - __main__ - Page 170: Parsed 21 listings, Inserted 21 new listings.
2026-03-12 11:25:03,816 - INFO - __main__ - Page 171: Parsed 21 listings, Inserted 20 new listings.
2026-03-12 11:25:04,700 - INFO - __main__ - Page 172: Parsed 21 listings, Inserted 21 new listings.
2026-03-12 11:25:06,620 - INFO - __main__ - Page 173: Parsed 21 listings, Inserted 21 new listings.
2026-03-12 11:25:07,689 - INFO - __main__ - Page 174: Parsed 21 listings, Inserted 21 new listings.
2026-03-12 11:25:08,912 - INFO - __main__ - Page 175: Parsed 21 listings, Inserted 20 new listings.
2026-03-12 11:25:11,337 - INFO - __main__ - Page 176: Parsed 21 listings, Inserted 21 new listings.
2026-03-12 11:25:12,746 - INFO - __main__ - Page 177: Parsed 21 listings, Inserted 21 new listings.
2026-03-12 11:25:14,435 - INFO - __main__ - Page 178: Parsed 21 listings, Inserted 21 new listings.
2026-03-12 11:25:16,222 - INFO - __main__ - Page 179: Parsed 21 listings, Inserted 21 new listings.
2026-03-12 11:25:17,888 - INFO - __main__ - Page 180: Parsed 21 listings, Inserted 20 new listings.
2026-03-12 11:25:19,663 - INFO - __main__ - Page 181: Parsed 21 listings, Inserted 21 new listings.
2026-03-12 11:25:20,629 - INFO - __main__ - Page 182: Parsed 21 listings, Inserted 21 new listings.
2026-03-12 11:25:22,015 - INFO - __main__ - Page 183: Parsed 21 listings, Inserted 20 new listings.
2026-03-12 11:25:23,590 - INFO - __main__ - Page 184: Parsed 21 listings, Inserted 21 new listings.
2026-03-12 11:25:25,285 - INFO - __main__ - Page 185: Parsed 21 listings, Inserted 19 new listings.
2026-03-12 11:25:26,993 - INFO - __main__ - Page 186: Parsed 21 listings, Inserted 21 new listings.
2026-03-12 11:25:29,570 - INFO - __main__ - Page 187: Parsed 21 listings, Inserted 21 new listings.
2026-03-12 11:25:31,815 - INFO - __main__ - Page 188: Parsed 21 listings, Inserted 21 new listings.
2026-03-12 11:25:34,192 - INFO - __main__ - Page 189: Parsed 21 listings, Inserted 21 new listings.
2026-03-12 11:25:35,977 - INFO - __main__ - Page 190: Parsed 21 listings, Inserted 21 new listings.
2026-03-12 11:25:38,314 - INFO - __main__ - Page 191: Parsed 21 listings, Inserted 20 new listings.
2026-03-12 11:25:39,520 - INFO - __main__ - Page 192: Parsed 21 listings, Inserted 21 new listings.
2026-03-12 11:25:41,525 - INFO - __main__ - Page 193: Parsed 21 listings, Inserted 21 new listings.
2026-03-12 11:25:43,050 - INFO - __main__ - Page 194: Parsed 21 listings, Inserted 21 new listings.
2026-03-12 11:25:43,553 - INFO - __main__ - Page 195: Parsed 21 listings, Inserted 21 new listings.
2026-03-12 11:25:44,020 - INFO - __main__ - Page 196: Parsed 21 listings, Inserted 21 new listings.
2026-03-12 11:25:45,713 - INFO - __main__ - Page 197: Parsed 21 listings, Inserted 21 new listings.
2026-03-12 11:25:48,082 - INFO - __main__ - Page 198: Parsed 21 listings, Inserted 21 new listings.
2026-03-12 11:25:48,757 - INFO - __main__ - Page 199: Parsed 21 listings, Inserted 20 new listings.
2026-03-12 11:25:50,789 - INFO - __main__ - Page 200: Parsed 21 listings, Inserted 21 new listings.
2026-03-12 11:25:51,586 - INFO - __main__ - Page 201: Parsed 21 listings, Inserted 21 new listings.
2026-03-12 11:25:53,361 - INFO - __main__ - Page 202: Parsed 21 listings, Inserted 21 new listings.
2026-03-12 11:25:55,065 - INFO - __main__ - Page 203: Parsed 21 listings, Inserted 21 new listings.
2026-03-12 11:25:55,880 - INFO - __main__ - Page 204: Parsed 21 listings, Inserted 21 new listings.
2026-03-12 11:25:56,908 - INFO - __main__ - Page 205: Parsed 21 listings, Inserted 20 new listings.
2026-03-12 11:25:58,243 - INFO - __main__ - Page 206: Parsed 21 listings, Inserted 21 new listings.
2026-03-12 11:25:59,326 - INFO - __main__ - Page 207: Parsed 21 listings, Inserted 21 new listings.
2026-03-12 11:26:01,654 - INFO - __main__ - Page 208: Parsed 21 listings, Inserted 21 new listings.
2026-03-12 11:26:02,919 - INFO - __main__ - Page 209: Parsed 21 listings, Inserted 21 new listings.
2026-03-12 11:26:04,124 - INFO - __main__ - Page 210: Parsed 21 listings, Inserted 20 new listings.
2026-03-12 11:26:05,606 - INFO - __main__ - Page 211: Parsed 21 listings, Inserted 21 new listings.
2026-03-12 11:26:07,106 - INFO - __main__ - Page 212: Parsed 21 listings, Inserted 21 new listings.
2026-03-12 11:26:07,824 - INFO - __main__ - Page 213: Parsed 21 listings, Inserted 21 new listings.
2026-03-12 11:26:09,477 - INFO - __main__ - Page 214: Parsed 21 listings, Inserted 21 new listings.
2026-03-12 11:26:11,840 - INFO - __main__ - Page 215: Parsed 21 listings, Inserted 21 new listings.
2026-03-12 11:26:14,242 - INFO - __main__ - Page 216: Parsed 21 listings, Inserted 21 new listings.
2026-03-12 11:26:15,378 - INFO - __main__ - Page 217: Parsed 21 listings, Inserted 20 new listings.
2026-03-12 11:26:17,858 - INFO - __main__ - Page 218: Parsed 21 listings, Inserted 21 new listings.
2026-03-12 11:26:18,760 - INFO - __main__ - Page 219: Parsed 21 listings, Inserted 21 new listings.
2026-03-12 11:26:20,231 - INFO - __main__ - Page 220: Parsed 21 listings, Inserted 21 new listings.
2026-03-12 11:26:22,513 - INFO - __main__ - Page 221: Parsed 21 listings, Inserted 21 new listings.
2026-03-12 11:26:23,662 - INFO - __main__ - Page 222: Parsed 21 listings, Inserted 21 new listings.
2026-03-12 11:26:25,184 - INFO - __main__ - Page 223: Parsed 21 listings, Inserted 21 new listings.
2026-03-12 11:26:26,245 - INFO - __main__ - Page 224: Parsed 21 listings, Inserted 21 new listings.
2026-03-12 11:26:29,016 - INFO - __main__ - Page 225: Parsed 21 listings, Inserted 20 new listings.
2026-03-12 11:26:31,789 - INFO - __main__ - Page 226: Parsed 21 listings, Inserted 21 new listings.
2026-03-12 11:26:32,520 - INFO - __main__ - Page 227: Parsed 21 listings, Inserted 21 new listings.
2026-03-12 11:26:33,771 - INFO - __main__ - Page 228: Parsed 21 listings, Inserted 21 new listings.
2026-03-12 11:26:36,217 - INFO - __main__ - Page 229: Parsed 21 listings, Inserted 20 new listings.
2026-03-12 11:26:38,185 - INFO - __main__ - Page 230: Parsed 21 listings, Inserted 21 new listings.
2026-03-12 11:26:39,271 - INFO - __main__ - Page 231: Parsed 21 listings, Inserted 21 new listings.
2026-03-12 11:26:41,469 - INFO - __main__ - Page 232: Parsed 21 listings, Inserted 21 new listings.
2026-03-12 11:26:41,987 - INFO - __main__ - Page 233: Parsed 21 listings, Inserted 20 new listings.
2026-03-12 11:26:43,311 - INFO - __main__ - Page 234: Parsed 21 listings, Inserted 21 new listings.
2026-03-12 11:26:45,735 - INFO - __main__ - Page 235: Parsed 21 listings, Inserted 21 new listings.
2026-03-12 11:26:48,085 - INFO - __main__ - Page 236: Parsed 21 listings, Inserted 21 new listings.
2026-03-12 11:26:48,918 - INFO - __main__ - Page 237: Parsed 21 listings, Inserted 21 new listings.
2026-03-12 11:26:50,835 - INFO - __main__ - Page 238: Parsed 21 listings, Inserted 20 new listings.
2026-03-12 11:26:52,330 - INFO - __main__ - Page 239: Parsed 21 listings, Inserted 21 new listings.
2026-03-12 11:26:53,317 - INFO - __main__ - Page 240: Parsed 21 listings, Inserted 21 new listings.
2026-03-12 11:26:55,666 - INFO - __main__ - Page 241: Parsed 21 listings, Inserted 21 new listings.
2026-03-12 11:26:57,561 - INFO - __main__ - Page 242: Parsed 21 listings, Inserted 21 new listings.
2026-03-12 11:26:59,657 - INFO - __main__ - Page 243: Parsed 21 listings, Inserted 21 new listings.
2026-03-12 11:27:01,868 - INFO - __main__ - Page 244: Parsed 21 listings, Inserted 21 new listings.
2026-03-12 11:27:03,802 - INFO - __main__ - Page 245: Parsed 21 listings, Inserted 21 new listings.
2026-03-12 11:27:06,217 - INFO - __main__ - Page 246: Parsed 21 listings, Inserted 19 new listings.
2026-03-12 11:27:08,822 - INFO - __main__ - Page 247: Parsed 21 listings, Inserted 21 new listings.
2026-03-12 11:27:10,021 - INFO - __main__ - Page 248: Parsed 21 listings, Inserted 20 new listings.
2026-03-12 11:27:11,368 - INFO - __main__ - Page 249: Parsed 21 listings, Inserted 21 new listings.
2026-03-12 11:27:12,781 - INFO - __main__ - Page 250: Parsed 21 listings, Inserted 21 new listings.
2026-03-12 11:27:15,325 - INFO - __main__ - Page 251: Parsed 21 listings, Inserted 20 new listings.
2026-03-12 11:27:17,205 - INFO - __main__ - Page 252: Parsed 21 listings, Inserted 20 new listings.
2026-03-12 11:27:17,910 - INFO - __main__ - Page 253: Parsed 21 listings, Inserted 20 new listings.
2026-03-12 11:27:20,923 - INFO - __main__ - Page 254: Parsed 21 listings, Inserted 21 new listings.
2026-03-12 11:27:22,802 - INFO - __main__ - Page 255: Parsed 21 listings, Inserted 20 new listings.
2026-03-12 11:27:25,327 - INFO - __main__ - Page 256: Parsed 21 listings, Inserted 21 new listings.
2026-03-12 11:27:26,723 - INFO - __main__ - Page 257: Parsed 21 listings, Inserted 21 new listings.
2026-03-12 11:27:28,005 - INFO - __main__ - Page 258: Parsed 21 listings, Inserted 21 new listings.
2026-03-12 11:27:30,243 - INFO - __main__ - Page 259: Parsed 21 listings, Inserted 20 new listings.
2026-03-12 11:27:32,567 - INFO - __main__ - Page 260: Parsed 21 listings, Inserted 21 new listings.
2026-03-12 11:27:33,347 - INFO - __main__ - Page 261: Parsed 21 listings, Inserted 20 new listings.
2026-03-12 11:27:34,762 - INFO - __main__ - Page 262: Parsed 21 listings, Inserted 21 new listings.
2026-03-12 11:27:36,440 - INFO - __main__ - Page 263: Parsed 21 listings, Inserted 20 new listings.
2026-03-12 11:27:38,038 - INFO - __main__ - Page 264: Parsed 21 listings, Inserted 20 new listings.
2026-03-12 11:27:38,612 - INFO - __main__ - Page 265: Parsed 21 listings, Inserted 20 new listings.
2026-03-12 11:27:40,686 - INFO - __main__ - Page 266: Parsed 21 listings, Inserted 21 new listings.
2026-03-12 11:27:42,821 - INFO - __main__ - Page 267: Parsed 21 listings, Inserted 21 new listings.
2026-03-12 11:27:44,491 - INFO - __main__ - Page 268: Parsed 21 listings, Inserted 20 new listings.
2026-03-12 11:27:46,824 - INFO - __main__ - Page 269: Parsed 21 listings, Inserted 21 new listings.
2026-03-12 11:27:48,382 - INFO - __main__ - Page 270: Parsed 21 listings, Inserted 20 new listings.
2026-03-12 11:27:49,721 - INFO - __main__ - Page 271: Parsed 21 listings, Inserted 21 new listings.
2026-03-12 11:27:50,104 - INFO - __main__ - Page 272: Parsed 21 listings, Inserted 20 new listings.
2026-03-12 11:27:51,988 - INFO - __main__ - Page 273: Parsed 21 listings, Inserted 21 new listings.
2026-03-12 11:27:53,757 - INFO - __main__ - Page 274: Parsed 21 listings, Inserted 21 new listings.
2026-03-12 11:27:55,750 - INFO - __main__ - Page 275: Parsed 21 listings, Inserted 20 new listings.
2026-03-12 11:27:58,134 - INFO - __main__ - Page 276: Parsed 21 listings, Inserted 21 new listings.
2026-03-12 11:27:59,655 - INFO - __main__ - Page 277: Parsed 21 listings, Inserted 21 new listings.
2026-03-12 11:28:01,504 - INFO - __main__ - Page 278: Parsed 21 listings, Inserted 21 new listings.
2026-03-12 11:28:03,983 - INFO - __main__ - Page 279: Parsed 21 listings, Inserted 21 new listings.
2026-03-12 11:28:05,548 - INFO - __main__ - Page 280: Parsed 21 listings, Inserted 21 new listings.
2026-03-12 11:28:06,981 - INFO - __main__ - Page 281: Parsed 21 listings, Inserted 19 new listings.
2026-03-12 11:28:09,192 - INFO - __main__ - Page 282: Parsed 21 listings, Inserted 21 new listings.
2026-03-12 11:28:10,578 - INFO - __main__ - Page 283: Parsed 21 listings, Inserted 21 new listings.
2026-03-12 11:28:13,184 - INFO - __main__ - Page 284: Parsed 21 listings, Inserted 20 new listings.
2026-03-12 11:28:13,940 - INFO - __main__ - Page 285: Parsed 21 listings, Inserted 21 new listings.
2026-03-12 11:28:16,391 - INFO - __main__ - Page 286: Parsed 21 listings, Inserted 21 new listings.
2026-03-12 11:28:18,200 - INFO - __main__ - Page 287: Parsed 21 listings, Inserted 21 new listings.
2026-03-12 11:28:19,814 - INFO - __main__ - Page 288: Parsed 21 listings, Inserted 21 new listings.
2026-03-12 11:28:21,701 - INFO - __main__ - Page 289: Parsed 21 listings, Inserted 21 new listings.
2026-03-12 11:28:22,411 - INFO - __main__ - Page 290: Parsed 21 listings, Inserted 21 new listings.
2026-03-12 11:28:23,374 - INFO - __main__ - Page 291: Parsed 21 listings, Inserted 21 new listings.
2026-03-12 11:28:25,545 - INFO - __main__ - Page 292: Parsed 21 listings, Inserted 21 new listings.
2026-03-12 11:28:27,018 - INFO - __main__ - Page 293: Parsed 21 listings, Inserted 21 new listings.
2026-03-12 11:28:28,123 - INFO - __main__ - Page 294: Parsed 21 listings, Inserted 19 new listings.
2026-03-12 11:28:30,120 - INFO - __main__ - Page 295: Parsed 21 listings, Inserted 21 new listings.
2026-03-12 11:28:31,910 - INFO - __main__ - Page 296: Parsed 21 listings, Inserted 21 new listings.
2026-03-12 11:28:34,089 - INFO - __main__ - Page 297: Parsed 21 listings, Inserted 20 new listings.
2026-03-12 11:28:34,995 - INFO - __main__ - Page 298: Parsed 21 listings, Inserted 21 new listings.
2026-03-12 11:28:37,088 - INFO - __main__ - Page 299: Parsed 21 listings, Inserted 21 new listings.
2026-03-12 11:28:39,134 - INFO - __main__ - Page 300: Parsed 21 listings, Inserted 21 new listings.
2026-03-12 11:28:40,290 - INFO - __main__ - Page 301: Parsed 21 listings, Inserted 20 new listings.
2026-03-12 11:28:42,946 - INFO - __main__ - Page 302: Parsed 21 listings, Inserted 21 new listings.
2026-03-12 11:28:43,672 - INFO - __main__ - Page 303: Parsed 21 listings, Inserted 21 new listings.
2026-03-12 11:28:45,289 - INFO - __main__ - Page 304: Parsed 21 listings, Inserted 21 new listings.
2026-03-12 11:28:46,541 - INFO - __main__ - Page 305: Parsed 21 listings, Inserted 21 new listings.
2026-03-12 11:28:47,618 - INFO - __main__ - Page 306: Parsed 21 listings, Inserted 21 new listings.
2026-03-12 11:28:48,798 - INFO - __main__ - Page 307: Parsed 21 listings, Inserted 20 new listings.
2026-03-12 11:28:50,610 - INFO - __main__ - Page 308: Parsed 21 listings, Inserted 21 new listings.
2026-03-12 11:28:52,506 - INFO - __main__ - Page 309: Parsed 21 listings, Inserted 21 new listings.
2026-03-12 11:28:53,091 - INFO - __main__ - Page 310: Parsed 21 listings, Inserted 21 new listings.
2026-03-12 11:28:55,424 - INFO - __main__ - Page 311: Parsed 21 listings, Inserted 21 new listings.
2026-03-12 11:28:58,226 - INFO - __main__ - Page 312: Parsed 21 listings, Inserted 20 new listings.
2026-03-12 11:29:00,866 - INFO - __main__ - Page 313: Parsed 21 listings, Inserted 21 new listings.
2026-03-12 11:29:03,157 - INFO - __main__ - Page 314: Parsed 21 listings, Inserted 21 new listings.
2026-03-12 11:29:04,419 - INFO - __main__ - Page 315: Parsed 21 listings, Inserted 21 new listings.
2026-03-12 11:29:05,293 - INFO - __main__ - Page 316: Parsed 21 listings, Inserted 21 new listings.
2026-03-12 11:29:07,534 - INFO - __main__ - Page 317: Parsed 21 listings, Inserted 20 new listings.
2026-03-12 11:29:08,357 - INFO - __main__ - Page 318: Parsed 21 listings, Inserted 21 new listings.
2026-03-12 11:29:10,842 - INFO - __main__ - Page 319: Parsed 21 listings, Inserted 21 new listings.
2026-03-12 11:29:12,905 - INFO - __main__ - Page 320: Parsed 21 listings, Inserted 19 new listings.
2026-03-12 11:29:14,760 - INFO - __main__ - Page 321: Parsed 21 listings, Inserted 20 new listings.
2026-03-12 11:29:16,554 - INFO - __main__ - Page 322: Parsed 21 listings, Inserted 21 new listings.
2026-03-12 11:29:19,040 - INFO - __main__ - Page 323: Parsed 21 listings, Inserted 20 new listings.
2026-03-12 11:29:21,589 - INFO - __main__ - Page 324: Parsed 21 listings, Inserted 21 new listings.
2026-03-12 11:29:23,187 - INFO - __main__ - Page 325: Parsed 21 listings, Inserted 21 new listings.
2026-03-12 11:29:25,167 - INFO - __main__ - Page 326: Parsed 21 listings, Inserted 21 new listings.
2026-03-12 11:29:26,666 - INFO - __main__ - Page 327: Parsed 21 listings, Inserted 21 new listings.
2026-03-12 11:29:27,967 - INFO - __main__ - Page 328: Parsed 21 listings, Inserted 21 new listings.
2026-03-12 11:29:30,930 - INFO - __main__ - Page 329: Parsed 21 listings, Inserted 21 new listings.
2026-03-12 11:29:33,210 - INFO - __main__ - Page 330: Parsed 21 listings, Inserted 20 new listings.
2026-03-12 11:29:35,587 - INFO - __main__ - Page 331: Parsed 21 listings, Inserted 21 new listings.
2026-03-12 11:29:37,425 - INFO - __main__ - Page 332: Parsed 21 listings, Inserted 20 new listings.
2026-03-12 11:29:39,551 - INFO - __main__ - Page 333: Parsed 21 listings, Inserted 21 new listings.
2026-03-12 11:29:41,967 - INFO - __main__ - Page 334: Parsed 21 listings, Inserted 20 new listings.
2026-03-12 11:29:42,669 - INFO - __main__ - Page 335: Parsed 21 listings, Inserted 21 new listings.
2026-03-12 11:29:43,589 - INFO - __main__ - Page 336: Parsed 21 listings, Inserted 21 new listings.
2026-03-12 11:29:45,572 - INFO - __main__ - Page 337: Parsed 21 listings, Inserted 20 new listings.
2026-03-12 11:29:46,958 - INFO - __main__ - Page 338: Parsed 21 listings, Inserted 21 new listings.
2026-03-12 11:29:47,579 - INFO - __main__ - Page 339: Parsed 21 listings, Inserted 20 new listings.
2026-03-12 11:29:49,612 - INFO - __main__ - Page 340: Parsed 21 listings, Inserted 21 new listings.
2026-03-12 11:29:51,514 - INFO - __main__ - Page 341: Parsed 21 listings, Inserted 21 new listings.
2026-03-12 11:29:53,061 - INFO - __main__ - Page 342: Parsed 21 listings, Inserted 21 new listings.
2026-03-12 11:29:54,044 - INFO - __main__ - Page 343: Parsed 21 listings, Inserted 21 new listings.
2026-03-12 11:29:54,683 - INFO - __main__ - Page 344: Parsed 21 listings, Inserted 20 new listings.
2026-03-12 11:29:55,654 - INFO - __main__ - Page 345: Parsed 21 listings, Inserted 21 new listings.
2026-03-12 11:29:57,862 - INFO - __main__ - Page 346: Parsed 21 listings, Inserted 21 new listings.
2026-03-12 11:29:58,987 - INFO - __main__ - Page 347: Parsed 21 listings, Inserted 21 new listings.
2026-03-12 11:30:00,015 - INFO - __main__ - Page 348: Parsed 21 listings, Inserted 21 new listings.
2026-03-12 11:30:04,468 - INFO - __main__ - Page 349: Parsed 21 listings, Inserted 21 new listings.
2026-03-12 11:30:05,511 - INFO - __main__ - Page 350: Parsed 21 listings, Inserted 21 new listings.
2026-03-12 11:30:06,349 - INFO - __main__ - Page 351: Parsed 21 listings, Inserted 19 new listings.
2026-03-12 11:30:07,639 - INFO - __main__ - Page 352: Parsed 21 listings, Inserted 21 new listings.
2026-03-12 11:30:09,064 - INFO - __main__ - Page 353: Parsed 21 listings, Inserted 21 new listings.
2026-03-12 11:30:11,089 - INFO - __main__ - Page 354: Parsed 21 listings, Inserted 21 new listings.
2026-03-12 11:30:13,196 - INFO - __main__ - Page 355: Parsed 21 listings, Inserted 21 new listings.
2026-03-12 11:30:14,861 - INFO - __main__ - Page 356: Parsed 21 listings, Inserted 21 new listings.
2026-03-12 11:30:16,825 - INFO - __main__ - Page 357: Parsed 21 listings, Inserted 20 new listings.
2026-03-12 11:30:18,007 - INFO - __main__ - Page 358: Parsed 21 listings, Inserted 21 new listings.
2026-03-12 11:30:19,149 - INFO - __main__ - Page 359: Parsed 21 listings, Inserted 21 new listings.
2026-03-12 11:30:21,842 - INFO - __main__ - Page 360: Parsed 21 listings, Inserted 21 new listings.
2026-03-12 11:30:22,773 - INFO - __main__ - Page 361: Parsed 21 listings, Inserted 20 new listings.
2026-03-12 11:30:23,815 - INFO - __main__ - Page 362: Parsed 21 listings, Inserted 21 new listings.
2026-03-12 11:30:25,163 - INFO - __main__ - Page 363: Parsed 21 listings, Inserted 21 new listings.
2026-03-12 11:30:26,997 - INFO - __main__ - Page 364: Parsed 21 listings, Inserted 21 new listings.
2026-03-12 11:30:28,476 - INFO - __main__ - Page 365: Parsed 21 listings, Inserted 21 new listings.
2026-03-12 11:30:30,860 - INFO - __main__ - Page 366: Parsed 21 listings, Inserted 21 new listings.
2026-03-12 11:30:33,480 - INFO - __main__ - Page 367: Parsed 21 listings, Inserted 21 new listings.
2026-03-12 11:30:36,088 - INFO - __main__ - Page 368: Parsed 21 listings, Inserted 20 new listings.
2026-03-12 11:30:37,833 - INFO - __main__ - Page 369: Parsed 21 listings, Inserted 21 new listings.
2026-03-12 11:30:39,003 - INFO - __main__ - Page 370: Parsed 21 listings, Inserted 21 new listings.
2026-03-12 11:30:39,806 - INFO - __main__ - Page 371: Parsed 21 listings, Inserted 21 new listings.
2026-03-12 11:30:40,588 - INFO - __main__ - Page 372: Parsed 21 listings, Inserted 21 new listings.
2026-03-12 11:30:42,224 - INFO - __main__ - Page 373: Parsed 21 listings, Inserted 20 new listings.
2026-03-12 11:30:44,222 - INFO - __main__ - Page 374: Parsed 21 listings, Inserted 19 new listings.
2026-03-12 11:30:46,048 - INFO - __main__ - Page 375: Parsed 21 listings, Inserted 21 new listings.
2026-03-12 11:30:46,907 - INFO - __main__ - Page 376: Parsed 21 listings, Inserted 21 new listings.
2026-03-12 11:30:48,535 - INFO - __main__ - Page 377: Parsed 21 listings, Inserted 21 new listings.
2026-03-12 11:30:49,758 - INFO - __main__ - Page 378: Parsed 21 listings, Inserted 20 new listings.
2026-03-12 11:30:51,226 - INFO - __main__ - Page 379: Parsed 21 listings, Inserted 21 new listings.
2026-03-12 11:30:54,212 - INFO - __main__ - Page 380: Parsed 21 listings, Inserted 21 new listings.
2026-03-12 11:30:56,345 - INFO - __main__ - Page 381: Parsed 21 listings, Inserted 19 new listings.
2026-03-12 11:30:57,955 - INFO - __main__ - Page 382: Parsed 21 listings, Inserted 20 new listings.
2026-03-12 11:30:59,219 - INFO - __main__ - Page 383: Parsed 21 listings, Inserted 21 new listings.
2026-03-12 11:31:01,466 - INFO - __main__ - Page 384: Parsed 21 listings, Inserted 21 new listings.
2026-03-12 11:31:02,689 - INFO - __main__ - Page 385: Parsed 21 listings, Inserted 19 new listings.
2026-03-12 11:31:05,192 - INFO - __main__ - Page 386: Parsed 21 listings, Inserted 21 new listings.
2026-03-12 11:31:07,712 - INFO - __main__ - Page 387: Parsed 21 listings, Inserted 21 new listings.
2026-03-12 11:31:09,223 - INFO - __main__ - Page 388: Parsed 21 listings, Inserted 20 new listings.
2026-03-12 11:31:11,274 - INFO - __main__ - Page 389: Parsed 21 listings, Inserted 21 new listings.
2026-03-12 11:31:12,075 - INFO - __main__ - Page 390: Parsed 21 listings, Inserted 21 new listings.
2026-03-12 11:31:13,698 - INFO - __main__ - Page 391: Parsed 21 listings, Inserted 21 new listings.
2026-03-12 11:31:16,490 - INFO - __main__ - Page 392: Parsed 21 listings, Inserted 21 new listings.
2026-03-12 11:31:18,573 - INFO - __main__ - Page 393: Parsed 21 listings, Inserted 20 new listings.
2026-03-12 11:31:20,142 - INFO - __main__ - Page 394: Parsed 21 listings, Inserted 20 new listings.
2026-03-12 11:31:21,012 - INFO - __main__ - Page 395: Parsed 21 listings, Inserted 21 new listings.
2026-03-12 11:31:21,984 - INFO - __main__ - Page 396: Parsed 21 listings, Inserted 21 new listings.
2026-03-12 11:31:23,242 - INFO - __main__ - Page 397: Parsed 21 listings, Inserted 21 new listings.
2026-03-12 11:31:25,162 - INFO - __main__ - Page 398: Parsed 21 listings, Inserted 21 new listings.
2026-03-12 11:31:27,180 - INFO - __main__ - Page 399: Parsed 21 listings, Inserted 20 new listings.
2026-03-12 11:31:28,174 - INFO - __main__ - Page 400: Parsed 21 listings, Inserted 20 new listings.
2026-03-12 11:31:30,553 - INFO - __main__ - Page 401: Parsed 21 listings, Inserted 21 new listings.
2026-03-12 11:31:33,534 - INFO - __main__ - Page 402: Parsed 21 listings, Inserted 21 new listings.
2026-03-12 11:31:35,066 - INFO - __main__ - Page 403: Parsed 21 listings, Inserted 21 new listings.
2026-03-12 11:31:36,826 - INFO - __main__ - Page 404: Parsed 21 listings, Inserted 21 new listings.
2026-03-12 11:31:38,601 - INFO - __main__ - Page 405: Parsed 21 listings, Inserted 20 new listings.
2026-03-12 11:31:39,577 - INFO - __main__ - Page 406: Parsed 21 listings, Inserted 21 new listings.
2026-03-12 11:31:42,170 - INFO - __main__ - Page 407: Parsed 21 listings, Inserted 21 new listings.
2026-03-12 11:31:43,695 - INFO - __main__ - Page 408: Parsed 21 listings, Inserted 21 new listings.
2026-03-12 11:31:44,728 - INFO - __main__ - Page 409: Parsed 21 listings, Inserted 20 new listings.
2026-03-12 11:31:47,378 - INFO - __main__ - Page 410: Parsed 21 listings, Inserted 21 new listings.
2026-03-12 11:31:49,310 - INFO - __main__ - Page 411: Parsed 21 listings, Inserted 21 new listings.
2026-03-12 11:31:50,605 - INFO - __main__ - Page 412: Parsed 21 listings, Inserted 21 new listings.
2026-03-12 11:31:53,036 - INFO - __main__ - Page 413: Parsed 21 listings, Inserted 21 new listings.
2026-03-12 11:31:55,258 - INFO - __main__ - Page 414: Parsed 21 listings, Inserted 21 new listings.
2026-03-12 11:31:56,593 - INFO - __main__ - Page 415: Parsed 21 listings, Inserted 21 new listings.
2026-03-12 11:31:58,626 - INFO - __main__ - Page 416: Parsed 21 listings, Inserted 21 new listings.
2026-03-12 11:32:00,805 - INFO - __main__ - Page 417: Parsed 21 listings, Inserted 21 new listings.
2026-03-12 11:32:02,500 - INFO - __main__ - Page 418: Parsed 21 listings, Inserted 21 new listings.
2026-03-12 11:32:04,830 - INFO - __main__ - Page 419: Parsed 21 listings, Inserted 21 new listings.
2026-03-12 11:32:07,586 - INFO - __main__ - Page 420: Parsed 21 listings, Inserted 20 new listings.
2026-03-12 11:32:09,066 - INFO - __main__ - Page 421: Parsed 21 listings, Inserted 20 new listings.
2026-03-12 11:32:10,288 - INFO - __main__ - Page 422: Parsed 21 listings, Inserted 21 new listings.
2026-03-12 11:32:11,603 - INFO - __main__ - Page 423: Parsed 21 listings, Inserted 20 new listings.
2026-03-12 11:32:14,278 - INFO - __main__ - Page 424: Parsed 21 listings, Inserted 20 new listings.
2026-03-12 11:32:16,765 - INFO - __main__ - Page 425: Parsed 21 listings, Inserted 21 new listings.
2026-03-12 11:32:18,905 - INFO - __main__ - Page 426: Parsed 21 listings, Inserted 21 new listings.
2026-03-12 11:32:20,458 - INFO - __main__ - Page 427: Parsed 21 listings, Inserted 21 new listings.
2026-03-12 11:32:22,888 - INFO - __main__ - Page 428: Parsed 21 listings, Inserted 21 new listings.
2026-03-12 11:32:24,426 - INFO - __main__ - Page 429: Parsed 21 listings, Inserted 21 new listings.
2026-03-12 11:32:26,962 - INFO - __main__ - Page 430: Parsed 21 listings, Inserted 21 new listings.
2026-03-12 11:32:28,041 - INFO - __main__ - Page 431: Parsed 21 listings, Inserted 21 new listings.
2026-03-12 11:32:29,336 - INFO - __main__ - Page 432: Parsed 21 listings, Inserted 21 new listings.
2026-03-12 11:32:30,242 - INFO - __main__ - Page 433: Parsed 21 listings, Inserted 21 new listings.
2026-03-12 11:32:31,216 - INFO - __main__ - Page 434: Parsed 21 listings, Inserted 21 new listings.
2026-03-12 11:32:32,613 - INFO - __main__ - Page 435: Parsed 21 listings, Inserted 21 new listings.
2026-03-12 11:32:34,743 - INFO - __main__ - Page 436: Parsed 21 listings, Inserted 21 new listings.
2026-03-12 11:32:35,964 - INFO - __main__ - Page 437: Parsed 21 listings, Inserted 21 new listings.
2026-03-12 11:32:37,778 - INFO - __main__ - Page 438: Parsed 21 listings, Inserted 21 new listings.
2026-03-12 11:32:40,205 - INFO - __main__ - Page 439: Parsed 21 listings, Inserted 21 new listings.
2026-03-12 11:32:41,749 - INFO - __main__ - Page 440: Parsed 21 listings, Inserted 21 new listings.
2026-03-12 11:32:42,863 - INFO - __main__ - Page 441: Parsed 21 listings, Inserted 21 new listings.
2026-03-12 11:32:43,947 - INFO - __main__ - Page 442: Parsed 21 listings, Inserted 20 new listings.
2026-03-12 11:32:45,600 - INFO - __main__ - Page 443: Parsed 21 listings, Inserted 21 new listings.
2026-03-12 11:32:47,193 - INFO - __main__ - Page 444: Parsed 21 listings, Inserted 21 new listings.
2026-03-12 11:32:47,998 - INFO - __main__ - Page 445: Parsed 21 listings, Inserted 21 new listings.
2026-03-12 11:32:50,408 - INFO - __main__ - Page 446: Parsed 21 listings, Inserted 21 new listings.
2026-03-12 11:32:52,371 - INFO - __main__ - Page 447: Parsed 21 listings, Inserted 21 new listings.
2026-03-12 11:32:53,814 - INFO - __main__ - Page 448: Parsed 21 listings, Inserted 21 new listings.
2026-03-12 11:32:55,085 - INFO - __main__ - Page 449: Parsed 21 listings, Inserted 21 new listings.
2026-03-12 11:32:57,038 - INFO - __main__ - Page 450: Parsed 21 listings, Inserted 20 new listings.
2026-03-12 11:32:58,675 - INFO - __main__ - Page 451: Parsed 21 listings, Inserted 20 new listings.
2026-03-12 11:33:00,397 - INFO - __main__ - Page 452: Parsed 21 listings, Inserted 21 new listings.
2026-03-12 11:33:03,288 - INFO - __main__ - Page 453: Parsed 21 listings, Inserted 21 new listings.
2026-03-12 11:33:04,800 - INFO - __main__ - Page 454: Parsed 21 listings, Inserted 20 new listings.
2026-03-12 11:33:06,437 - INFO - __main__ - Page 455: Parsed 21 listings, Inserted 21 new listings.
2026-03-12 11:33:08,493 - INFO - __main__ - Page 456: Parsed 21 listings, Inserted 21 new listings.
2026-03-12 11:33:09,445 - INFO - __main__ - Page 457: Parsed 21 listings, Inserted 21 new listings.
2026-03-12 11:33:11,372 - INFO - __main__ - Page 458: Parsed 21 listings, Inserted 21 new listings.
2026-03-12 11:33:13,271 - INFO - __main__ - Page 459: Parsed 21 listings, Inserted 21 new listings.
2026-03-12 11:33:14,908 - INFO - __main__ - Page 460: Parsed 21 listings, Inserted 21 new listings.
2026-03-12 11:33:16,482 - INFO - __main__ - Page 461: Parsed 21 listings, Inserted 21 new listings.
2026-03-12 11:33:17,577 - INFO - __main__ - Page 462: Parsed 21 listings, Inserted 21 new listings.
2026-03-12 11:33:19,941 - INFO - __main__ - Page 463: Parsed 21 listings, Inserted 20 new listings.
2026-03-12 11:33:21,681 - INFO - __main__ - Page 464: Parsed 21 listings, Inserted 21 new listings.
2026-03-12 11:33:23,670 - INFO - __main__ - Page 465: Parsed 21 listings, Inserted 21 new listings.
2026-03-12 11:33:25,177 - INFO - __main__ - Page 466: Parsed 21 listings, Inserted 21 new listings.
2026-03-12 11:33:26,451 - INFO - __main__ - Page 467: Parsed 21 listings, Inserted 21 new listings.
2026-03-12 11:33:28,422 - INFO - __main__ - Page 468: Parsed 21 listings, Inserted 20 new listings.
2026-03-12 11:33:29,860 - INFO - __main__ - Page 469: Parsed 21 listings, Inserted 21 new listings.
2026-03-12 11:33:31,715 - INFO - __main__ - Page 470: Parsed 21 listings, Inserted 21 new listings.
2026-03-12 11:33:34,213 - INFO - __main__ - Page 471: Parsed 21 listings, Inserted 20 new listings.
2026-03-12 11:33:36,278 - INFO - __main__ - Page 472: Parsed 21 listings, Inserted 21 new listings.
2026-03-12 11:33:37,567 - INFO - __main__ - Page 473: Parsed 21 listings, Inserted 21 new listings.
2026-03-12 11:33:39,644 - INFO - __main__ - Page 474: Parsed 21 listings, Inserted 21 new listings.
2026-03-12 11:33:40,494 - INFO - __main__ - Page 475: Parsed 21 listings, Inserted 21 new listings.
2026-03-12 11:33:41,846 - INFO - __main__ - Page 476: Parsed 21 listings, Inserted 21 new listings.
2026-03-12 11:33:43,909 - INFO - __main__ - Page 477: Parsed 21 listings, Inserted 21 new listings.
2026-03-12 11:33:45,517 - INFO - __main__ - Page 478: Parsed 21 listings, Inserted 21 new listings.
2026-03-12 11:33:46,354 - INFO - __main__ - Page 479: Parsed 21 listings, Inserted 21 new listings.
2026-03-12 11:33:47,431 - INFO - __main__ - Page 480: Parsed 21 listings, Inserted 21 new listings.
2026-03-12 11:33:49,607 - INFO - __main__ - Page 481: Parsed 21 listings, Inserted 21 new listings.
2026-03-12 11:33:51,528 - INFO - __main__ - Page 482: Parsed 21 listings, Inserted 21 new listings.
2026-03-12 11:33:52,489 - INFO - __main__ - Page 483: Parsed 21 listings, Inserted 21 new listings.
2026-03-12 11:33:54,040 - INFO - __main__ - Page 484: Parsed 21 listings, Inserted 20 new listings.
2026-03-12 11:33:56,088 - INFO - __main__ - Page 485: Parsed 21 listings, Inserted 21 new listings.
2026-03-12 11:33:58,067 - INFO - __main__ - Page 486: Parsed 21 listings, Inserted 20 new listings.
2026-03-12 11:33:59,750 - INFO - __main__ - Page 487: Parsed 21 listings, Inserted 21 new listings.
2026-03-12 11:34:02,383 - INFO - __main__ - Page 488: Parsed 21 listings, Inserted 21 new listings.
2026-03-12 11:34:03,283 - INFO - __main__ - Page 489: Parsed 21 listings, Inserted 20 new listings.
2026-03-12 11:34:05,210 - INFO - __main__ - Page 490: Parsed 21 listings, Inserted 21 new listings.
2026-03-12 11:34:07,411 - INFO - __main__ - Page 491: Parsed 21 listings, Inserted 21 new listings.
2026-03-12 11:34:09,150 - INFO - __main__ - Page 492: Parsed 21 listings, Inserted 21 new listings.
2026-03-12 11:34:10,255 - INFO - __main__ - Page 493: Parsed 21 listings, Inserted 20 new listings.
2026-03-12 11:34:12,069 - INFO - __main__ - Page 494: Parsed 21 listings, Inserted 21 new listings.
2026-03-12 11:34:13,425 - INFO - __main__ - Page 495: Parsed 21 listings, Inserted 21 new listings.
2026-03-12 11:34:14,322 - INFO - __main__ - Page 496: Parsed 21 listings, Inserted 20 new listings.
2026-03-12 11:34:15,859 - INFO - __main__ - Page 497: Parsed 21 listings, Inserted 21 new listings.
2026-03-12 11:34:18,023 - INFO - __main__ - Page 498: Parsed 21 listings, Inserted 21 new listings.
2026-03-12 11:34:20,671 - INFO - __main__ - Page 499: Parsed 21 listings, Inserted 21 new listings.
2026-03-12 11:34:21,475 - INFO - __main__ - Page 500: Parsed 21 listings, Inserted 18 new listings.
2026-03-12 11:34:22,806 - INFO - __main__ - Page 501: Parsed 21 listings, Inserted 21 new listings.
2026-03-12 11:34:25,401 - INFO - __main__ - Page 502: Parsed 21 listings, Inserted 19 new listings.
2026-03-12 11:34:27,616 - INFO - __main__ - Page 503: Parsed 21 listings, Inserted 21 new listings.
2026-03-12 11:34:28,481 - INFO - __main__ - Page 504: Parsed 21 listings, Inserted 21 new listings.
2026-03-12 11:34:30,300 - INFO - __main__ - Page 505: Parsed 21 listings, Inserted 19 new listings.
2026-03-12 11:34:31,313 - INFO - __main__ - Page 506: Parsed 21 listings, Inserted 21 new listings.
2026-03-12 11:34:33,421 - INFO - __main__ - Page 507: Parsed 21 listings, Inserted 20 new listings.
2026-03-12 11:34:35,076 - INFO - __main__ - Page 508: Parsed 21 listings, Inserted 20 new listings.
2026-03-12 11:34:37,130 - INFO - __main__ - Page 509: Parsed 21 listings, Inserted 21 new listings.
2026-03-12 11:34:39,324 - INFO - __main__ - Page 510: Parsed 21 listings, Inserted 21 new listings.
2026-03-12 11:34:41,682 - INFO - __main__ - Page 511: Parsed 21 listings, Inserted 21 new listings.
2026-03-12 11:34:43,320 - INFO - __main__ - Page 512: Parsed 21 listings, Inserted 20 new listings.
2026-03-12 11:34:45,216 - INFO - __main__ - Page 513: Parsed 21 listings, Inserted 21 new listings.
2026-03-12 11:34:47,495 - INFO - __main__ - Page 514: Parsed 21 listings, Inserted 20 new listings.
2026-03-12 11:34:48,659 - INFO - __main__ - Page 515: Parsed 21 listings, Inserted 20 new listings.
2026-03-12 11:34:50,246 - INFO - __main__ - Page 516: Parsed 21 listings, Inserted 21 new listings.
2026-03-12 11:34:52,685 - INFO - __main__ - Page 517: Parsed 21 listings, Inserted 20 new listings.
2026-03-12 11:34:54,784 - INFO - __main__ - Page 518: Parsed 21 listings, Inserted 19 new listings.
2026-03-12 11:34:57,232 - INFO - __main__ - Page 519: Parsed 21 listings, Inserted 21 new listings.
2026-03-12 11:34:58,799 - INFO - __main__ - Page 520: Parsed 21 listings, Inserted 21 new listings.
2026-03-12 11:35:01,105 - INFO - __main__ - Page 521: Parsed 21 listings, Inserted 20 new listings.
2026-03-12 11:35:02,033 - INFO - __main__ - Page 522: Parsed 21 listings, Inserted 19 new listings.
2026-03-12 11:35:04,344 - INFO - __main__ - Page 523: Parsed 21 listings, Inserted 21 new listings.
2026-03-12 11:35:05,522 - INFO - __main__ - Page 524: Parsed 21 listings, Inserted 21 new listings.
2026-03-12 11:35:07,366 - INFO - __main__ - Page 525: Parsed 21 listings, Inserted 20 new listings.
2026-03-12 11:35:09,883 - INFO - __main__ - Page 526: Parsed 21 listings, Inserted 20 new listings.
2026-03-12 11:35:12,620 - INFO - __main__ - Page 527: Parsed 21 listings, Inserted 21 new listings.
2026-03-12 11:35:15,096 - INFO - __main__ - Page 528: Parsed 21 listings, Inserted 20 new listings.
2026-03-12 11:35:15,849 - INFO - __main__ - Page 529: Parsed 21 listings, Inserted 21 new listings.
2026-03-12 11:35:18,419 - INFO - __main__ - Page 530: Parsed 21 listings, Inserted 21 new listings.
2026-03-12 11:35:21,294 - INFO - __main__ - Page 531: Parsed 21 listings, Inserted 20 new listings.
2026-03-12 11:35:23,637 - INFO - __main__ - Page 532: Parsed 21 listings, Inserted 20 new listings.
2026-03-12 11:35:24,393 - INFO - __main__ - Page 533: Parsed 21 listings, Inserted 21 new listings.
2026-03-12 11:35:25,491 - INFO - __main__ - Page 534: Parsed 21 listings, Inserted 21 new listings.
2026-03-12 11:35:26,899 - INFO - __main__ - Page 535: Parsed 21 listings, Inserted 20 new listings.
2026-03-12 11:35:29,022 - INFO - __main__ - Page 536: Parsed 21 listings, Inserted 21 new listings.
2026-03-12 11:35:30,500 - INFO - __main__ - Page 537: Parsed 21 listings, Inserted 20 new listings.
2026-03-12 11:35:32,268 - INFO - __main__ - Page 538: Parsed 21 listings, Inserted 19 new listings.
2026-03-12 11:35:33,765 - INFO - __main__ - Page 539: Parsed 21 listings, Inserted 20 new listings.
2026-03-12 11:35:36,124 - INFO - __main__ - Page 540: Parsed 21 listings, Inserted 20 new listings.
2026-03-12 11:35:38,336 - INFO - __main__ - Page 541: Parsed 21 listings, Inserted 19 new listings.
2026-03-12 11:35:40,569 - INFO - __main__ - Page 542: Parsed 21 listings, Inserted 21 new listings.
2026-03-12 11:35:42,185 - INFO - __main__ - Page 543: Parsed 21 listings, Inserted 21 new listings.
2026-03-12 11:35:44,874 - INFO - __main__ - Page 544: Parsed 21 listings, Inserted 21 new listings.
2026-03-12 11:35:46,172 - INFO - __main__ - Page 545: Parsed 21 listings, Inserted 21 new listings.
2026-03-12 11:35:47,602 - INFO - __main__ - Page 546: Parsed 21 listings, Inserted 21 new listings.
2026-03-12 11:35:49,447 - INFO - __main__ - Page 547: Parsed 21 listings, Inserted 21 new listings.
2026-03-12 11:35:50,618 - INFO - __main__ - Page 548: Parsed 21 listings, Inserted 21 new listings.
2026-03-12 11:35:52,401 - INFO - __main__ - Page 549: Parsed 21 listings, Inserted 21 new listings.
2026-03-12 11:35:55,376 - INFO - __main__ - Page 550: Parsed 21 listings, Inserted 21 new listings.
2026-03-12 11:35:56,546 - INFO - __main__ - Page 551: Parsed 21 listings, Inserted 20 new listings.
2026-03-12 11:35:58,338 - INFO - __main__ - Page 552: Parsed 21 listings, Inserted 21 new listings.
2026-03-12 11:36:00,228 - INFO - __main__ - Page 553: Parsed 21 listings, Inserted 21 new listings.
2026-03-12 11:36:02,011 - INFO - __main__ - Page 554: Parsed 21 listings, Inserted 21 new listings.
2026-03-12 11:36:04,036 - INFO - __main__ - Page 555: Parsed 21 listings, Inserted 21 new listings.
2026-03-12 11:36:05,916 - INFO - __main__ - Page 556: Parsed 21 listings, Inserted 20 new listings.
2026-03-12 11:36:07,549 - INFO - __main__ - Page 557: Parsed 21 listings, Inserted 21 new listings.
2026-03-12 11:36:10,186 - INFO - __main__ - Page 558: Parsed 21 listings, Inserted 20 new listings.
2026-03-12 11:36:12,526 - INFO - __main__ - Page 559: Parsed 21 listings, Inserted 21 new listings.
2026-03-12 11:36:13,450 - INFO - __main__ - Page 560: Parsed 21 listings, Inserted 21 new listings.
2026-03-12 11:36:14,352 - INFO - __main__ - Page 561: Parsed 21 listings, Inserted 21 new listings.
2026-03-12 11:36:15,515 - INFO - __main__ - Page 562: Parsed 21 listings, Inserted 20 new listings.
2026-03-12 11:36:18,193 - INFO - __main__ - Page 563: Parsed 21 listings, Inserted 21 new listings.
2026-03-12 11:36:20,777 - INFO - __main__ - Page 564: Parsed 21 listings, Inserted 21 new listings.
2026-03-12 11:36:23,299 - INFO - __main__ - Page 565: Parsed 21 listings, Inserted 21 new listings.
2026-03-12 11:36:24,857 - INFO - __main__ - Page 566: Parsed 21 listings, Inserted 20 new listings.
2026-03-12 11:36:27,394 - INFO - __main__ - Page 567: Parsed 21 listings, Inserted 21 new listings.
2026-03-12 11:36:29,027 - INFO - __main__ - Page 568: Parsed 21 listings, Inserted 21 new listings.
2026-03-12 11:36:31,724 - INFO - __main__ - Page 569: Parsed 21 listings, Inserted 20 new listings.
2026-03-12 11:36:34,512 - INFO - __main__ - Page 570: Parsed 21 listings, Inserted 21 new listings.
2026-03-12 11:36:35,896 - INFO - __main__ - Page 571: Parsed 21 listings, Inserted 20 new listings.
2026-03-12 11:36:37,153 - INFO - __main__ - Page 572: Parsed 21 listings, Inserted 21 new listings.
2026-03-12 11:36:39,784 - INFO - __main__ - Page 573: Parsed 21 listings, Inserted 21 new listings.
2026-03-12 11:36:42,653 - INFO - __main__ - Page 574: Parsed 21 listings, Inserted 20 new listings.
2026-03-12 11:36:44,881 - INFO - __main__ - Page 575: Parsed 21 listings, Inserted 20 new listings.
2026-03-12 11:36:47,150 - INFO - __main__ - Page 576: Parsed 21 listings, Inserted 20 new listings.
2026-03-12 11:36:49,674 - INFO - __main__ - Page 577: Parsed 21 listings, Inserted 21 new listings.
2026-03-12 11:36:51,833 - INFO - __main__ - Page 578: Parsed 21 listings, Inserted 20 new listings.
2026-03-12 11:36:52,599 - INFO - __main__ - Page 579: Parsed 21 listings, Inserted 21 new listings.
2026-03-12 11:36:54,180 - INFO - __main__ - Page 580: Parsed 21 listings, Inserted 21 new listings.
2026-03-12 11:36:55,259 - INFO - __main__ - Page 581: Parsed 21 listings, Inserted 20 new listings.
2026-05-04 12:19:20,317 - INFO - database - Connected to database at data/listings.db
2026-05-04 12:19:20,327 - INFO - fetcher - Session created with custom headers.
2026-05-04 12:19:21,760 - INFO - __main__ - last_page: 7200
2026-05-04 12:19:22,413 - INFO - __main__ - Page 582: Parsed 21 listings, Inserted 13 new listings.
2026-05-04 12:19:24,566 - INFO - __main__ - Page 583: Parsed 21 listings, Inserted 7 new listings.
2026-05-04 12:19:26,893 - INFO - __main__ - Page 584: Parsed 21 listings, Inserted 13 new listings.
2026-05-04 12:19:28,490 - INFO - __main__ - Page 585: Parsed 21 listings, Inserted 14 new listings.
2026-05-04 12:19:29,498 - INFO - __main__ - Page 586: Parsed 21 listings, Inserted 15 new listings.
2026-05-04 12:19:31,269 - INFO - __main__ - Page 587: Parsed 21 listings, Inserted 13 new listings.
2026-05-04 12:19:32,478 - INFO - __main__ - Page 588: Parsed 21 listings, Inserted 14 new listings.
2026-05-04 12:19:33,949 - INFO - __main__ - Page 589: Parsed 21 listings, Inserted 3 new listings.
2026-05-04 12:19:35,970 - INFO - __main__ - Page 590: Parsed 21 listings, Inserted 7 new listings.
2026-05-04 12:19:36,903 - INFO - __main__ - Page 591: Parsed 21 listings, Inserted 12 new listings.
2026-05-04 12:19:38,596 - INFO - __main__ - Page 592: Parsed 21 listings, Inserted 12 new listings.
2026-05-04 12:19:41,295 - INFO - __main__ - Page 593: Parsed 21 listings, Inserted 11 new listings.
2026-05-04 12:19:44,089 - INFO - __main__ - Page 594: Parsed 21 listings, Inserted 8 new listings.
2026-05-04 12:19:46,370 - INFO - __main__ - Page 595: Parsed 21 listings, Inserted 3 new listings.
2026-05-04 12:19:48,478 - INFO - __main__ - Page 596: Parsed 21 listings, Inserted 4 new listings.
2026-05-04 12:19:49,921 - INFO - __main__ - Page 597: Parsed 21 listings, Inserted 7 new listings.
2026-05-04 12:19:51,215 - INFO - __main__ - Page 598: Parsed 21 listings, Inserted 6 new listings.
2026-05-04 12:19:53,633 - INFO - __main__ - Page 599: Parsed 21 listings, Inserted 11 new listings.
2026-05-04 12:19:54,366 - INFO - __main__ - Page 600: Parsed 21 listings, Inserted 5 new listings.
2026-05-04 12:19:56,040 - INFO - __main__ - Page 601: Parsed 21 listings, Inserted 10 new listings.
2026-05-04 12:19:57,072 - INFO - __main__ - Page 602: Parsed 21 listings, Inserted 6 new listings.
2026-05-04 12:19:59,288 - INFO - __main__ - Page 603: Parsed 21 listings, Inserted 14 new listings.
2026-05-04 12:20:00,602 - INFO - __main__ - Page 604: Parsed 21 listings, Inserted 15 new listings.
2026-05-04 12:20:02,527 - INFO - __main__ - Page 605: Parsed 21 listings, Inserted 13 new listings.
2026-05-04 12:20:04,462 - INFO - __main__ - Page 606: Parsed 21 listings, Inserted 8 new listings.
2026-05-04 12:20:07,014 - INFO - __main__ - Page 607: Parsed 21 listings, Inserted 16 new listings.
2026-05-04 12:20:10,011 - INFO - __main__ - Page 608: Parsed 21 listings, Inserted 7 new listings.
